,id,DGRP,sex,exp_type,shock_color,shock_arm,treatment,replicates,ZT0,ZT,frac_time_on_shocked,activity,activity_shock,activity_noShock,activity_shock_color,activity_noShock_color,total_choices,correct_choices,incorrect_choices,analysis_time,bias_frac_time_on_shocked,bias_activity,bias_activity_shock,bias_activity_noShock,bias_activity_shock_color,bias_activity_noShock_color,bias_total_choices,bias_correct_choices,bias_incorrect_choices,bias_analysis_time,post_frac_time_on_shocked,post_activity,post_activity_shock,post_activity_noShock,post_activity_shock_color,post_activity_noShock_color,post_total_choices,post_correct_choices,post_incorrect_choices,post_analysis_time,group,group_sex,folder,experiment_date,experiment_by,head_scanned,abs_dev,abs_dev_sex
2528,1,DGRP_153,F,operant_place,green,L,shock,1,16:00:00,17:42:50,0.122615803814714,0.996907204491827,0.909304365856016,0.981289665061697,0.730694092250359,0.905776604294074,19.0,11.0,8.0,1200.0,0.707746478873239,1.1260095366413,,1.1260095366413,0.938587028267352,1.30315179960751,5.0,3.0,2.0,180.0,,,,,,,,,,,dgrp153_shock,dgrp153_shock_female,operant_place/20230414/csv/dgrp153_shock/female,20230414,riddha,True,0.168387444904016,0.130131636547249
2544,9,DGRP_153,M,operant_place,green,R,shock,1,16:00:00,17:42:50,0.338090295796575,3.09578052965183,2.35680363519343,3.00483668506271,1.91782540250356,2.6812410473646,151.0,95.0,56.0,1200.0,0.397356828193833,2.95244251144428,,2.95244251144428,1.68822192540769,2.83923020306692,28.0,17.0,11.0,180.0,,,,,,,,,,,dgrp153_shock,dgrp153_shock_male,operant_place/20230414/csv/dgrp153_shock/male,20230414,riddha,True,0.0470870470778452,0.0088312387210782
2592,1,DGRP_313,F,operant_place,green,L,shock,1,11:00:00,13:00:22,0.0245259165613148,0.78056593681745,2.43822873796654,0.724092630566413,1.7718259941308,0.627465808463113,30.0,25.0,5.0,1200.0,0.209634255129349,1.36707642856874,,1.36707642856874,1.51124000160667,1.22546379714854,12.0,8.0,4.0,180.0,,,,,,,,,,,dgrp313_shock,dgrp313_shock_female,operant_place/20230414/csv/dgrp313_shock/female,20230414,riddha,True,0.23560381163955,0.245171497792986
2608,9,DGRP_313,M,operant_place,green,R,shock,1,11:00:00,13:00:22,0.364050056882821,2.50557716484062,1.48884395685133,2.93333586419694,0.965209201531534,2.49665615013967,118.0,87.0,31.0,1200.0,0.191964285714286,3.146878933343,,3.146878933343,2.03267835778663,2.65625761517585,29.0,21.0,8.0,180.0,,,,,,,,,,,dgrp313_shock,dgrp313_shock_male,operant_place/20230414/csv/dgrp313_shock/male,20230414,riddha,True,0.103920328681956,0.113488014835392
2656,1,DGRP_721,F,operant_place,green,L,shock,1,11:00:00,14:09:47,0.0347470618293306,0.440622279542975,0.995518847976845,0.414477013303524,0.929313448459159,0.370908009697732,17.0,14.0,3.0,1200.0,0.304,1.69485071151444,,1.69485071151444,1.18722405982205,1.54183126824529,15.0,11.0,4.0,180.0,,,,,,,,,,,dgrp721_shock,dgrp721_shock_female,operant_place/20230414/csv/dgrp721_shock/female,20230414,riddha,True,0.236740098990084,0.20560484426028
2672,9,DGRP_721,M,operant_place,green,R,shock,1,11:00:00,14:09:47,0.22991442074339,1.90587074917254,1.33571753676342,1.99520983896924,0.941407266250237,1.77064714849274,96.0,71.0,25.0,1200.0,0.352626892252894,2.66508306717643,,2.66508306717643,1.44845251921005,2.36410317744011,22.0,14.0,8.0,180.0,,,,,,,,,,,dgrp721_shock,dgrp721_shock_male,operant_place/20230414/csv/dgrp721_shock/male,20230414,riddha,True,0.0415727400760249,0.0727079948058291
2720,1,DGRP_808,F,operant_place,green,L,shock,1,11:00:00,16:37:22,0.160424469413233,1.30920290627388,1.39410594032238,1.24480110230312,1.10206051558168,1.09351420191336,47.0,32.0,15.0,1200.0,0.522825150732127,1.89564131333196,,1.89564131333196,1.53439330111597,1.99000178144807,16.0,8.0,8.0,180.0,,,,,,,,,,,dgrp808_shock,dgrp808_shock_female,operant_place/20230414/csv/dgrp808_shock/female,20230414,riddha,True,0.119065421466714,0.117436559347881
2736,9,DGRP_808,M,operant_place,green,R,shock,1,11:00:00,16:37:22,0.0963674946947947,1.07313228134925,1.12965962308705,1.0362807424245,0.957281689864298,0.894083242208504,42.0,35.0,7.0,1200.0,0.454310344827586,1.71970074709368,,1.71970074709368,1.13915462767006,1.89359236468352,16.0,11.0,5.0,180.0,,,,,,,,,,,dgrp808_shock,dgrp808_shock_male,operant_place/20230414/csv/dgrp808_shock/male,20230414,riddha,True,0.183122396185153,0.184751258303986
2785,2,DGRP_765,F,operant_place,green,M,shock,1,11:00:00,11:32:20,0.359809571535956,0.959908569315507,0.790528085790637,1.01045382405606,0.751592807512992,0.772063674779429,33.0,21.0,12.0,1200.0,0.397727272727273,1.51671099448625,,1.51671099448625,1.16964833889653,1.42702129108229,13.0,8.0,5.0,180.0,,,,,,,,,,,dgrp765_shock,dgrp765_shock_female,operant_place/20230417/csv/dgrp765_shock/female,20230417,riddha,True,0.0663355152896435,0.054262875006639
2801,10,DGRP_765,M,operant_place,green,L,shock,1,11:00:00,11:32:20,0.282009521423202,2.36072405632445,2.27643395994708,2.12136153139706,1.87911052993952,1.7067416903646,111.0,68.0,43.0,1200.0,0.256118881118881,2.64263193730006,,2.64263193730006,2.34867225970606,1.83538667757439,24.0,16.0,8.0,180.0,,,,,,,,,,,dgrp765_shock,dgrp765_shock_male,operant_place/20230417/csv/dgrp765_shock/male,20230417,riddha,True,0.0114645348231102,0.0006081054598944
2849,2,DGRP_776,F,operant_place,green,M,shock,1,11:00:00,12:42:10,0.190097039064444,0.971078596157336,1.21999451290411,0.836468248698924,1.16347928187924,0.763863567656356,37.0,25.0,12.0,1200.0,0.137082601054482,1.37964453517879,,1.37964453517879,1.06334204408321,1.0993956417445,9.0,6.0,3.0,180.0,,,,,,,,,,,dgrp776_shock,dgrp776_shock_female,operant_place/20230417/csv/dgrp776_shock/female,20230417,riddha,True,0.109099528415243,0.131534942182307
2865,10,DGRP_776,M,operant_place,green,L,shock,1,11:00:00,12:42:10,0.16548463356974,1.26328194264492,1.39004297421712,1.14337918761717,1.12993106653705,1.00402954760275,55.0,42.0,13.0,1200.0,0.229551451187335,1.80313784293488,,1.80313784293488,1.55726636650044,1.20733580715033,13.0,8.0,5.0,180.0,,,,,,,,,,,dgrp776_shock,dgrp776_shock_male,operant_place/20230417/csv/dgrp776_shock/male,20230417,riddha,True,0.133711933909947,0.111276520142882
2913,2,DGRP_855,F,operant_place,green,M,shock,1,16:00:00,17:24:27,0.997993730407523,0.101120564618451,0.101196709621929,,0.0869835890228856,0.590368548070364,1.0,0.0,1.0,1200.0,0.517810599478714,0.754348622427586,,0.754348622427586,0.596795475516934,0.718807442277524,8.0,4.0,4.0,180.0,,,,,,,,,,,dgrp855_shock,dgrp855_shock_female,operant_place/20230417/csv/dgrp855_shock/female,20230417,riddha,True,0.741371015848502,0.756816905512091
2929,10,DGRP_855,M,operant_place,green,L,shock,1,16:00:00,17:24:27,0.123761755485893,1.29227107111204,1.27578042148986,1.27416927478366,1.24086504719124,1.16162871589054,56.0,48.0,8.0,1200.0,0.218260869565217,2.03061113477178,,2.03061113477178,1.43339759635133,1.73109741190636,17.0,12.0,5.0,180.0,,,,,,,,,,,dgrp855_shock,dgrp855_shock_male,operant_place/20230417/csv/dgrp855_shock/male,20230417,riddha,True,0.132860959073128,0.148306848736718
2978,3,DGRP_382,F,operant_place,green,R,shock,1,16:00:00,16:43:20,0.287899180227579,0.903508525395594,0.79324950445315,0.901645695367132,0.756919711795331,0.856198941094313,31.0,19.0,12.0,1200.0,0.699145299145299,1.15142470313115,,1.15142470313115,0.917509991167208,1.01944737182858,7.0,4.0,3.0,180.0,,,,,,,,,,,dgrp382_shock,dgrp382_shock_female,operant_place/20230419/csv/dgrp382_shock/female,20230419,riddha,True,0.0139390918138924,0.0227502148844579
2994,11,DGRP_382,M,operant_place,green,M,shock,1,16:00:00,16:43:20,0.372537021172439,1.3833335446229,1.07632271064256,1.61152087256092,1.04741741898359,1.45264101813111,66.0,43.0,23.0,1200.0,0.3,1.15782354780151,,1.15782354780151,0.976815653431316,1.16146925506798,10.0,6.0,4.0,180.0,,,,,,,,,,,dgrp382_shock,dgrp382_shock_male,operant_place/20230419/csv/dgrp382_shock/male,20230419,riddha,True,0.0985769327587529,0.0897658096881875
3040,1,DGRP_627,F,operant_place,green,L,shock,1,16:00:00,17:56:21,0.0486153846153846,1.40994128466271,2.24422569852845,1.33178246990462,1.76230056514621,1.18945727119046,73.0,63.0,10.0,1200.0,0.422715627668659,2.01805879447205,,2.01805879447205,1.17903188903567,2.21713649585515,22.0,15.0,7.0,180.0,,,,,,,,,,,dgrp627_shock,dgrp627_shock_female,operant_place/20230419/csv/dgrp627_shock/female,20230419,riddha,True,0.221654116569151,0.235895141688355
3056,9,DGRP_627,M,operant_place,green,R,shock,1,16:00:00,17:56:21,0.311961604725572,1.29614194712153,1.09837920790306,1.29985794179721,0.934649767725715,1.07029100142609,61.0,41.0,20.0,1200.0,0.196581196581197,2.21534082843828,,2.21534082843828,1.57124977432577,1.77647569229966,18.0,14.0,4.0,180.0,,,,,,,,,,,dgrp627_shock,dgrp627_shock_male,operant_place/20230419/csv/dgrp627_shock/male,20230419,riddha,True,0.0416921035410363,0.0559331286602403
3110,7,DGRP_440,F,operant_place,green,L,shock,1,11:00:00,12:47:10,0.161139193687585,0.788141974527229,1.03796597313484,0.704219643700889,0.996192842455693,0.656168341257562,21.0,16.0,5.0,1200.0,0.316780821917808,1.73107948792641,,1.73107948792641,1.26428696672667,1.65521427622152,16.0,10.0,6.0,180.0,,,,,,,,,,,dgrp440_shock,dgrp440_shock_female,operant_place/20230421/csv/dgrp440_shock/female,20230421,riddha,True,0.0970214612636517,0.0914893503928738
3126,15,DGRP_440,M,operant_place,green,R,shock,1,11:00:00,12:47:10,0.371425049309665,1.77035754013323,1.23059781580455,1.89622418400868,1.10832663170759,1.22627606771594,90.0,63.0,27.0,1200.0,0.36472602739726,2.32007542555166,,2.32007542555166,1.64023466081481,1.93280911593273,25.0,18.0,7.0,180.0,,,,,,,,,,,dgrp440_shock,dgrp440_shock_male,operant_place/20230421/csv/dgrp440_shock/male,20230421,riddha,True,0.113264394358428,0.10773228348765
3174,7,DGRP_563,F,operant_place,green,L,shock,1,11:00:00,13:51:28,0.313105308324139,1.16459145878798,0.92101685221994,1.17331550916031,0.928396006004308,1.07932725758885,68.0,53.0,15.0,1200.0,0.287052810902896,2.07190524366512,,2.07190524366512,1.54365336482481,1.39055886495165,22.0,14.0,8.0,180.0,,,,,,,,,,,dgrp563_shock,dgrp563_shock_female,operant_place/20230421/csv/dgrp563_shock/female,20230421,riddha,True,0.0754868362795179,0.0592185834918623
3190,15,DGRP_563,M,operant_place,green,R,shock,1,11:00:00,13:51:28,0.236361407380164,2.99940571462887,2.34345207665236,2.92085035250582,1.81715804257883,2.66003326306896,161.0,121.0,40.0,1200.0,0.2206132879046,3.48325591775391,,3.48325591775391,2.50100577948556,2.98430458201636,41.0,32.0,9.0,180.0,,,,,,,,,,,dgrp563_shock,dgrp563_shock_male,operant_place/20230421/csv/dgrp563_shock/male,20230421,riddha,True,0.0012570646644566,0.015011188123199
3238,7,DGRP_911,F,operant_place,green,L,shock,1,11:00:00,11:46:19,0.663227250124316,1.28100026200222,0.849761506319294,1.83373036345625,0.743429932286038,1.59558848077856,54.0,28.0,26.0,1200.0,0.478751084128361,1.9965020578908,,1.9965020578908,1.21919290125905,2.05490660945581,15.0,10.0,5.0,180.0,,,,,,,,,,,dgrp911_shock,dgrp911_shock_female,operant_place/20230421/csv/dgrp911_shock/female,20230421,riddha,True,0.404578769551065,0.386956027120182
3254,15,DGRP_911,M,operant_place,green,R,shock,1,11:00:00,11:46:19,0.153760099440646,2.28492505804184,2.61245300070393,2.05921109492766,2.01908911416583,1.75753579859288,118.0,90.0,28.0,1200.0,0.294270833333333,3.82543342835905,,3.82543342835905,1.70953939929341,3.77920662980812,39.0,30.0,9.0,180.0,,,,,,,,,,,dgrp911_shock,dgrp911_shock_male,operant_place/20230421/csv/dgrp911_shock/male,20230421,riddha,True,0.104888381132605,0.0872656387017225
3303,8,DGRP_227,F,operant_place,green,M,shock,1,11:00:00,12:00:58,0.268699799196787,1.01112474307544,0.889232162616608,0.99626203358933,0.830051701497368,0.891254012565603,53.0,32.0,21.0,1200.0,0.0606585788561525,0.572110862748482,,0.572110862748482,1.54518250616441,0.441844102791907,5.0,4.0,1.0,180.0,,,,,,,,,,,dgrp227_shock,dgrp227_shock_female,operant_place/20230424/csv/dgrp227_shock/female,20230424,riddha,True,1.278779679037e-05,0.0133023525103841
3319,16,DGRP_227,M,operant_place,green,L,shock,1,11:00:00,12:00:58,0.245732931726908,0.89367786860826,0.906211418597857,0.825989907719905,0.811352028218506,0.761452607444946,25.0,18.0,7.0,1200.0,0.448395490026019,0.925900186137651,,0.925900186137651,0.607812015576714,0.859309336673755,9.0,6.0,3.0,180.0,,,,,,,,,,,dgrp227_shock,dgrp227_shock_male,operant_place/20230424/csv/dgrp227_shock/male,20230424,riddha,True,0.0229796552666699,0.0365061470072917
3367,8,DGRP_319,F,operant_place,green,M,shock,1,11:00:00,13:02:54,0.0356602822580645,1.16484948993395,2.3614875787258,1.03121610389023,2.22593171335079,0.901344541367177,38.0,23.0,15.0,1200.0,0.266550522648084,1.84785651258989,,1.84785651258989,1.81223423263904,1.23168265963513,18.0,10.0,8.0,180.0,,,,,,,,,,,dgrp319_shock,dgrp319_shock_female,operant_place/20230424/csv/dgrp319_shock/female,20230424,riddha,True,0.22363417364609,0.206219519318228
3383,16,DGRP_319,M,operant_place,green,L,shock,1,11:00:00,13:02:54,0.217489919354839,1.77589540343108,2.04750967381454,1.33510272301579,1.40106689590601,1.17287017533527,76.0,47.0,29.0,1200.0,0.247386759581882,2.34388768322309,,2.34388768322309,1.65374687493538,1.89095398402474,21.0,15.0,6.0,180.0,,,,,,,,,,,dgrp319_shock,dgrp319_shock_male,operant_place/20230424/csv/dgrp319_shock/male,20230424,riddha,True,0.0418045365493163,0.0592191908771786
3431,8,DGRP_822,F,operant_place,green,M,shock,1,11:00:00,14:05:31,0.241548322231997,0.798288877620434,0.872065090290798,0.710721609866164,0.775785287108298,0.630066318011496,24.0,13.0,11.0,1200.0,0.350086655112652,1.1106283491854,,1.1106283491854,0.844025564012411,1.07218027377315,11.0,8.0,3.0,180.0,,,,,,,,,,,dgrp822_shock,dgrp822_shock_female,operant_place/20230424/csv/dgrp822_shock/female,20230424,riddha,True,0.0039177563031518,0.0130160050717083
3447,16,DGRP_822,M,operant_place,green,L,shock,1,11:00:00,14:05:31,0.290650917315909,1.28457493703755,0.94492428634458,1.31493523348234,0.818623771813072,1.23168355648361,60.0,46.0,14.0,1200.0,0.396357328707719,1.24366422362355,,1.24366422362355,0.648711105336379,1.16865444084558,11.0,7.0,4.0,180.0,,,,,,,,,,,dgrp822_shock,dgrp822_shock_male,operant_place/20230424/csv/dgrp822_shock/male,20230424,riddha,True,0.0451848387807597,0.0282510774058996
3496,33,DGRP_189,F,operant_place,green,R,shock,2,11:00:00,13:56:18,0.184925503943909,0.822545134355707,0.713208561900232,0.836376289333597,0.606059471981278,0.759863812138486,32.0,25.0,7.0,1200.0,0.104347826086957,0.971073383738885,,0.971073383738885,1.31403903456237,0.71853673890486,8.0,6.0,2.0,180.0,,,,,,,,,,,dgrp189_shock,dgrp189_shock_female,operant_place/20230428/csv/dgrp189_shock/female,20230428,riddha,True,0.0890284209933727,0.0866201469311683
3512,41,DGRP_189,M,operant_place,green,M,shock,2,11:00:00,13:56:18,0.0328074129727022,1.07610313576094,1.59087630219898,1.02019044185876,1.34885223307145,0.897194505576328,37.0,26.0,11.0,1200.0,0.245004344048653,1.94547291184533,,1.94547291184533,1.81652359104347,1.54006226899808,18.0,11.0,7.0,180.0,,,,,,,,,,,dgrp189_shock,dgrp189_shock_male,operant_place/20230428/csv/dgrp189_shock/male,20230428,riddha,True,0.241146511964579,0.243554786026784
3560,33,DGRP_801,F,operant_place,green,R,shock,1,11:00:00,12:44:14,0.0569135802469136,1.00621164912745,1.44419124194265,0.944320933278099,1.04953381689233,0.82163380243122,38.0,33.0,5.0,1200.0,0.182287188306105,2.1690595271483,,2.1690595271483,1.61940831841154,2.01778077453476,24.0,18.0,6.0,180.0,,,,,,,,,,,dgrp801_shock,dgrp801_shock_female,operant_place/20230428/csv/dgrp801_shock/female,20230428,riddha,True,0.17186163557576,0.170326707328719
3576,41,DGRP_801,M,operant_place,green,M,shock,2,11:00:00,12:44:14,0.185948882578096,0.620548420312166,0.813885763686978,0.533656373054017,0.712424433721452,0.447198798283662,23.0,15.0,8.0,1200.0,0.325021496130696,2.17209267034831,,2.17209267034831,2.03261916214664,1.50923813972964,21.0,14.0,7.0,180.0,,,,,,,,,,,dgrp801_shock,dgrp801_shock_male,operant_place/20230428/csv/dgrp801_shock/male,20230428,riddha,True,0.0428263332445777,0.0443612614916187
3624,33,DGRP_805,F,operant_place,green,R,shock,2,16:00:00,16:29:14,0.24930078820239,1.61997490404766,1.41345582456566,1.64244444837086,1.23210032067571,1.53368558429854,68.0,46.0,22.0,1200.0,0.310679611650485,2.21428307200474,,2.21428307200474,1.61200429869207,2.42536798952889,23.0,15.0,8.0,180.0,,,,,,,,,,,dgrp805_shock,dgrp805_shock_female,operant_place/20230428/csv/dgrp805_shock/female,20230428,riddha,True,0.014905886522904,0.0142737724557392
3640,41,DGRP_805,M,operant_place,green,M,shock,2,16:00:00,16:29:14,0.459699974574116,1.25381719503444,1.02882493569103,1.30027858229952,0.943785547473522,1.09138513530735,45.0,27.0,18.0,1200.0,0.255075022065313,2.45017081613274,,2.45017081613274,2.44369008162834,1.69408173136898,21.0,13.0,8.0,180.0,,,,,,,,,,,dgrp805_shock,dgrp805_shock_male,operant_place/20230428/csv/dgrp805_shock/male,20230428,riddha,True,0.195493299848822,0.166313640870179
3688,33,DGRP_892,F,operant_place,green,R,shock,2,11:00:00,14:53:53,0.153902888752305,1.86362503625236,1.65004785510492,1.81049444922285,1.27982087049987,1.65573073811358,86.0,67.0,19.0,1200.0,0.0365335598980459,2.30449604561307,,2.30449604561307,3.1247085181293,2.27087017711013,19.0,16.0,3.0,180.0,,,,,,,,,,,dgrp892_shock,dgrp892_shock_female,operant_place/20230428/csv/dgrp892_shock/female,20230428,riddha,True,0.137351347077145,0.135511344628511
3704,41,DGRP_892,M,operant_place,green,M,shock,2,11:00:00,14:53:53,0.316203589869683,2.17036305669736,1.94586742541966,2.0190529286173,1.87575660139329,1.59459549784525,110.0,69.0,41.0,1200.0,0.429056924384027,2.72507734393439,,2.72507734393439,2.36575550180252,2.39600767197667,21.0,11.0,10.0,180.0,,,,,,,,,,,dgrp892_shock,dgrp892_shock_male,operant_place/20230428/csv/dgrp892_shock/male,20230428,riddha,True,0.024949354040233,0.0231093515915987
3748,5,DGRP_093,F,operant_place,green,M,shock,1,11:00:00,12:00:44,0.449298746431674,1.46776047185913,1.30797266378081,1.37327009840462,1.29413030096621,1.07843937668881,45.0,29.0,16.0,1200.0,0.619827586206897,1.6589574029892,,1.6589574029892,1.49225652746427,1.4896862921239,11.0,6.0,5.0,180.0,,,,,,,,,,,dgrp93_shock,dgrp93_shock_female,operant_place/20230609/csv/dgrp93_shock/female,20230609,riddha,True,0.154203832378496,0.137036887348782
3764,13,DGRP_093,M,operant_place,green,L,shock,1,11:00:00,12:00:44,0.253195978652104,1.84169336329922,1.68030847681609,1.77958073402097,1.46938415271637,1.78678886166285,70.0,55.0,15.0,1200.0,0.382556131260794,2.46070627881505,,2.46070627881505,1.6794450800444,2.14119014213179,19.0,13.0,6.0,180.0,,,,,,,,,,,dgrp93_shock,dgrp93_shock_male,operant_place/20230609/csv/dgrp93_shock/male,20230609,riddha,True,0.0418989354010746,0.0247319903713605
3816,33,DGRP_217,F,operant_place,green,R,shock,2,16:00:00,17:51:18,0.0342491068128619,0.528200284253264,1.70236911152004,0.455878154916319,1.21089486702343,0.370359214899373,23.0,16.0,7.0,1200.0,0.129452649869679,1.60127816413469,,1.60127816413469,2.52081660275018,1.18418056117786,14.0,8.0,6.0,180.0,,,,,,,,,,,dgrp217_shock,dgrp217_shock_female,operant_place/20230612/csv/dgrp217_shock/female,20230612,riddha,True,0.184793506224699,0.182215405334897
3832,41,DGRP_217,M,operant_place,green,M,shock,2,16:00:00,17:51:18,0.372766481823783,1.05203755001528,1.01346405223342,1.0030539014276,0.981545017499411,0.943477618498908,37.0,22.0,15.0,1200.0,0.375868055555556,2.16923555575264,,2.16923555575264,2.00705634225315,1.76967907114241,21.0,13.0,8.0,180.0,,,,,,,,,,,dgrp217_shock,dgrp217_shock_male,operant_place/20230612/csv/dgrp217_shock/male,20230612,riddha,True,0.153723868786222,0.15114576789642
3878,7,DGRP_391,F,operant_place,green,L,shock,1,16:00:00,18:10:41,0.255013242527431,1.62118514240282,1.15641171427712,1.63579364194012,0.974045245923295,1.50931511012543,73.0,55.0,18.0,1200.0,0.387772925764192,1.932828751208,,1.932828751208,1.04563217060713,1.68132908646468,16.0,10.0,6.0,180.0,,,,,,,,,,,dgrp391_shock,dgrp391_shock_female,operant_place/20230619/csv/dgrp391_shock/female,20230619,riddha,True,0.0343665316670226,0.0320667511504278
3894,15,DGRP_391,M,operant_place,green,R,shock,1,16:00:00,18:10:41,0.249968470172783,2.1439152767815,1.79592372038302,2.10235100001871,1.79138325361104,1.89252673581737,116.0,88.0,28.0,1200.0,0.241921397379913,1.50194453791598,,1.50194453791598,0.95849346527676,1.60617444813079,12.0,10.0,2.0,180.0,,,,,,,,,,,dgrp391_shock,dgrp391_shock_male,operant_place/20230619/csv/dgrp391_shock/male,20230619,riddha,True,0.0394113040216701,0.0416392163971213
3942,7,DGRP_738,F,operant_place,green,L,shock,1,11:00:00,12:22:23,0.209412669915363,2.35348912674986,2.10323770693361,2.02137553315781,1.64695713292198,1.74365740300638,101.0,67.0,34.0,1200.0,0.235243055555556,2.26231807394147,,2.26231807394147,1.50056689997013,1.6996657871189,17.0,10.0,7.0,180.0,,,,,,,,,,,dgrp738_shock,dgrp738_shock_female,operant_place/20230619/csv/dgrp738_shock/female,20230619,riddha,True,0.074755956445146,0.0860674421159589
3958,15,DGRP_738,M,operant_place,green,R,shock,1,11:00:00,12:22:23,0.117850730956656,2.46883076383634,2.73339772798713,2.30050954928987,2.49636151603372,1.7774006378684,122.0,99.0,23.0,1200.0,0.0990443092962641,3.03206658588458,,3.03206658588458,2.15199890056229,2.73065536235579,25.0,22.0,3.0,180.0,,,,,,,,,,,dgrp738_shock,dgrp738_shock_male,operant_place/20230619/csv/dgrp738_shock/male,20230619,riddha,True,0.166317895403853,0.15500640973304
4006,7,DGRP_897,F,operant_place,green,L,shock,1,16:00:00,16:47:48,0.40355488797096,1.04231271799305,1.06277788455628,0.933682393585424,0.932619160155892,0.695958806888563,29.0,17.0,12.0,1200.0,0.3717277486911,1.79558597215877,,1.79558597215877,1.08784453850751,1.50944713206186,16.0,10.0,6.0,180.0,,,,,,,,,,,dgrp897_shock,dgrp897_shock_female,operant_place/20230619/csv/dgrp897_shock/female,20230619,riddha,True,0.139737109257731,0.146231943085592
4022,15,DGRP_897,M,operant_place,green,R,shock,1,16:00:00,16:47:48,0.130913642052566,1.08984822677213,1.42251637035155,0.939546786968006,1.20739158589019,0.838722127217917,40.0,27.0,13.0,1200.0,0.358951965065502,1.50212587247089,,1.50212587247089,1.02776957448441,1.10371671129081,14.0,10.0,4.0,180.0,,,,,,,,,,,dgrp897_shock,dgrp897_shock_male,operant_place/20230619/csv/dgrp897_shock/male,20230619,riddha,True,0.132904136660663,0.139398970488524
4077,40,DGRP_031,F,operant_place,green,L,shock,2,11:00:00,12:00:21,0.331033633115683,3.24452069074187,2.49331502708948,2.94465895567097,1.85074049224884,2.42826923958858,179.0,120.0,59.0,1200.0,0.440374787052811,3.07439163192976,,3.07439163192976,1.8741050237742,2.14746913931812,32.0,20.0,12.0,180.0,,,,,,,,,,,dgrp31_shock,dgrp31_shock_female,operant_place/20230621/csv/dgrp31_shock/female,20230621,riddha,True,0.0683346185167631,0.0724728734126818
4095,48,DGRP_031,M,operant_place,green,R,shock,2,11:00:00,12:00:21,0.200443513613404,1.53918306665608,1.38798207516445,1.40211581452028,1.22763020552555,1.18225021116406,84.0,65.0,19.0,1200.0,0.296422487223169,1.87654479444678,,1.87654479444678,1.01827641950466,1.53274717496797,22.0,17.0,5.0,180.0,,,,,,,,,,,dgrp31_shock,dgrp31_shock_male,operant_place/20230621/csv/dgrp31_shock/male,20230621,riddha,True,0.0622555009855161,0.0662042174892553
4143,40,DGRP_354,F,operant_place,green,L,shock,1,11:00:00,13:34:49,0.320091093117409,2.52729458623233,1.95659243427165,2.57526526256537,1.81983704751562,2.25663439350566,124.0,91.0,33.0,1200.0,0.231316725978648,3.20948645574152,,3.20948645574152,2.9756769367083,2.98155835156918,31.0,23.0,8.0,180.0,,,,,,,,,,,dgrp354_shock,dgrp354_shock_female,operant_place/20230621/csv/dgrp354_shock/female,20230621,riddha,True,0.0170989861182222,0.0024303394519263
4159,48,DGRP_354,M,operant_place,green,R,shock,2,11:00:00,13:34:49,0.397622359934236,0.585123439548257,0.19973590591063,0.710245085524311,0.178471934733883,0.677677099720729,19.0,15.0,4.0,1200.0,1.0,0.0436617276580946,,0.0436617276580946,0.0436617276580946,,1.0,0.0,1.0,180.0,,,,,,,,,,,dgrp354_shock,dgrp354_shock_male,operant_place/20230621/csv/dgrp354_shock/male,20230621,riddha,True,0.0946302529350488,0.113489941506001
4207,40,DGRP_732,F,operant_place,blue,L,shock,2,16:00:00,16:45:43,0.0836482741244646,1.6420330199229,1.30524777233346,1.64993100910323,1.32089391410908,1.36889336888102,72.0,67.0,5.0,1200.0,0.219106047326906,1.83387761190317,,1.83387761190317,1.41246942793839,1.58182893625888,17.0,14.0,3.0,180.0,,,,,,,,,,,dgrp732_shock,dgrp732_shock_female,operant_place/20230621/csv/dgrp732_shock/female,20230621,riddha,True,0.164331047095996,0.167038289021046
4223,48,DGRP_732,M,operant_place,blue,R,shock,2,16:00:00,16:45:43,0.107543130588087,1.64734727314025,1.59750526379808,1.58181268772471,1.42249917216799,1.46585579367719,71.0,59.0,12.0,1200.0,0.22036874451273,1.72174941276924,,1.72174941276924,1.39053422151765,1.48046880315651,16.0,11.0,5.0,180.0,,,,,,,,,,,dgrp732_shock,dgrp732_shock_male,operant_place/20230621/csv/dgrp732_shock/male,20230621,riddha,True,0.140436190632374,0.137685976613275
4271,40,DGRP_091,F,operant_place,blue,L,shock,2,16:00:00,17:43:14,0.401614142966949,0.79881415719334,0.778678503869768,0.751991323406093,0.836153184835162,0.73950422650781,25.0,20.0,5.0,1200.0,0.499555555555556,0.575811921180435,,0.575811921180435,0.194894239172444,0.553504172985167,3.0,2.0,1.0,180.0,,,,,,,,,,,dgrp91_shock,dgrp91_shock_female,operant_place/20230621/csv/dgrp91_shock/female,20230621,riddha,True,0.124777211901959,0.123177920056008
4287,48,DGRP_091,M,operant_place,blue,R,shock,2,16:00:00,17:43:14,0.285348360655738,1.17698474073808,1.07685928707494,1.14024115504045,1.02931331393858,1.03632773123076,41.0,31.0,10.0,1200.0,0.121104185218166,2.42927188857219,,2.42927188857219,1.98290212115751,2.00736780569332,27.0,22.0,5.0,180.0,,,,,,,,,,,dgrp91_shock,dgrp91_shock_male,operant_place/20230621/csv/dgrp91_shock/male,20230621,riddha,True,0.0085114295907485,0.0101107214366996
4335,40,DGRP_318,F,operant_place,green,L,shock,2,11:00:00,13:40:10,0.17554780876494,1.13998233449418,1.18513679463182,1.06618548689532,1.12999515160848,0.8979120547498,57.0,47.0,10.0,1200.0,0.911435941530525,0.940631172024085,,0.940631172024085,0.808794438602297,,4.0,2.0,2.0,180.0,,,,,,,,,,,dgrp318_shock,dgrp318_shock_female,operant_place/20230623/csv/dgrp318_shock/female,20230623,riddha,True,0.0866501341200225,0.0795379059438447
4351,48,DGRP_318,M,operant_place,green,R,shock,2,11:00:00,13:40:10,0.101730793176441,1.51752862607913,1.62076836081443,1.463613278435,1.63609503085813,1.40010596434089,61.0,48.0,13.0,1200.0,0.248281786941581,0.947094836837784,,0.947094836837784,0.763897180144814,0.861992202034826,9.0,7.0,2.0,180.0,,,,,,,,,,,dgrp318_shock,dgrp318_shock_male,operant_place/20230623/csv/dgrp318_shock/male,20230623,riddha,True,0.160467149708521,0.167579377884699
4384,1,DGRP_227,F,operant_place,blue,L,shock,1,11:00:00,13:55:43,0.618862725450902,0.782868777721112,0.593095296916191,0.971668946119221,0.600458145032388,0.83479745701963,25.0,14.0,11.0,1200.0,0.564559216384684,1.00753002226008,,1.00753002226008,0.516158247846281,1.11240674509457,8.0,4.0,4.0,180.0,,,,,,,,,,,dgrp227_shock,dgrp227_shock_female,operant_place/20230630/csv/dgrp227_shock/female,20230630,riddha,True,0.350150138457324,0.363465278764499
4400,9,DGRP_227,M,operant_place,blue,R,shock,1,11:00:00,13:55:43,0.309377738825592,1.08778258069752,1.09256193442869,0.965346601086281,0.859369803633877,0.791479263640728,47.0,29.0,18.0,1200.0,0.445729537366548,1.59834676997987,,1.59834676997987,1.16747307289142,1.34120876342635,12.0,7.0,5.0,180.0,,,,,,,,,,,dgrp227_shock,dgrp227_shock_male,operant_place/20230630/csv/dgrp227_shock/male,20230630,riddha,True,0.0406651518320141,0.0271386600913923
4448,1,DGRP_309,F,operant_place,blue,L,shock,1,11:00:00,13:50:17,0.204362077660111,1.49454212968127,1.20988726279819,1.3552737524999,1.06344814423844,1.16032714693901,60.0,42.0,18.0,1200.0,0.199649737302977,1.76435262458711,,1.76435262458711,1.30995807102077,1.36731916984103,14.0,9.0,5.0,180.0,,,,,,,,,,,dgrp309_shock,dgrp309_shock_female,operant_place/20230703/csv/dgrp309_shock/female,20230703,riddha,True,0.0535666947352336,0.0574454125609816
4464,9,DGRP_309,M,operant_place,blue,R,shock,1,11:00:00,13:50:17,0.147107021303416,1.37300756097791,1.4325578699383,1.30906422399817,1.10915629386514,1.05210566100154,61.0,47.0,14.0,1200.0,0.162138475021911,2.16236522660992,,2.16236522660992,1.14702182914255,1.7842902088498,17.0,13.0,4.0,180.0,,,,,,,,,,,dgrp309_shock,dgrp309_shock_male,operant_place/20230703/csv/dgrp309_shock/male,20230703,riddha,True,0.110821751091928,0.106943033266181
4512,1,DGRP_405,F,operant_place,blue,L,shock,1,16:00:00,18:24:37,0.410294481563969,2.1791309578357,1.54846997239362,2.07009243328069,1.13908953617254,1.82151141593595,104.0,62.0,42.0,1200.0,0.511587982832618,2.53213150239814,,2.53213150239814,1.38457726697791,2.17764760918316,23.0,13.0,10.0,180.0,,,,,,,,,,,dgrp405_shock,dgrp405_shock_female,operant_place/20230703/csv/dgrp405_shock/female,20230703,riddha,True,0.17241373299288,0.178653908060109
4528,9,DGRP_405,M,operant_place,blue,R,shock,1,16:00:00,18:24:37,0.0729836714497773,1.47193453195096,1.97983969529181,1.37833686316162,1.54432683350693,1.22189466951748,70.0,58.0,12.0,1200.0,0.270618556701031,2.89631760237243,,2.89631760237243,2.24375390616805,2.03271440682302,24.0,15.0,9.0,180.0,,,,,,,,,,,dgrp405_shock,dgrp405_shock_male,operant_place/20230703/csv/dgrp405_shock/male,20230703,riddha,True,0.164897077121312,0.171137252188541
4576,1,DGRP_850,F,operant_place,green,L,shock,1,11:00:00,12:32:56,0.422970941883768,1.92291406361558,1.41502365665507,1.91646664936979,1.16964088159763,1.51922396097795,95.0,59.0,36.0,1200.0,0.447345517841601,3.50677096309937,,3.50677096309937,1.59594641613015,2.87443426012381,31.0,17.0,14.0,180.0,,,,,,,,,,,dgrp850_shock,dgrp850_shock_female,operant_place/20230703/csv/dgrp850_shock/female,20230703,riddha,True,0.115574732598122,0.118200351820022
4592,9,DGRP_850,M,operant_place,green,R,shock,1,11:00:00,12:32:56,0.379461490294302,2.84760311814926,1.86394950824049,2.68315273166128,1.35693403709907,1.90182566919036,138.0,85.0,53.0,1200.0,0.198779424585876,3.47813954657475,,3.47813954657475,1.94822865350983,2.53155030778044,31.0,23.0,8.0,180.0,,,,,,,,,,,dgrp850_shock,dgrp850_shock_male,operant_place/20230703/csv/dgrp850_shock/male,20230703,riddha,True,0.0720652810086562,0.0694396617867562
4641,2,DGRP_437,F,operant_place,blue,M,shock,1,16:00:00,16:58:24,0.107750952986023,1.52120048352831,1.95028072819238,1.3935611068429,1.7879285751919,1.1429165415492,58.0,43.0,15.0,1200.0,0.145390070921986,2.47837697404667,,2.47837697404667,2.71128576148385,1.6042451475585,21.0,16.0,5.0,180.0,,,,,,,,,,,dgrp437_shock,dgrp437_shock_female,operant_place/20230705/csv/dgrp437_shock/female,20230705,riddha,True,0.157227434898738,0.158835234144441
4657,10,DGRP_437,M,operant_place,blue,L,shock,1,16:00:00,16:58:24,0.222547025927809,1.50687207925182,1.52083339184726,1.38227558705303,1.11748909910694,1.10411215400388,75.0,50.0,25.0,1200.0,0.127659574468085,2.28546393557638,,2.28546393557638,2.3899583989844,1.73403930518138,19.0,14.0,5.0,180.0,,,,,,,,,,,dgrp437_shock,dgrp437_shock_male,operant_place/20230705/csv/dgrp437_shock/male,20230705,riddha,True,0.0424313619569523,0.0408235627112494
4705,2,DGRP_786,F,operant_place,blue,M,shock,1,16:00:00,17:54:00,0.109164762630109,0.462910184603381,0.735541476876705,0.396621481856699,0.715763302233165,0.32022992027963,11.0,7.0,4.0,1200.0,0.37467018469657,1.64466982699806,,1.64466982699806,1.51175387291888,1.20061037981219,14.0,9.0,5.0,180.0,,,,,,,,,,,dgrp786_shock,dgrp786_shock_female,operant_place/20230705/csv/dgrp786_shock/female,20230705,riddha,True,0.148575894741398,0.154390540856533
4721,10,DGRP_786,M,operant_place,blue,L,shock,1,16:00:00,17:54:00,0.029452837374635,0.0924319637020507,0.962890441017844,0.05694801657702,1.04026148653281,0.0478131460001601,5.0,3.0,2.0,1200.0,0.0905096660808436,0.896259179551129,,0.896259179551129,1.07930010334725,0.722807122776684,9.0,8.0,1.0,180.0,,,,,,,,,,,dgrp786_shock,dgrp786_shock_male,operant_place/20230705/csv/dgrp786_shock/male,20230705,riddha,True,0.228287819996872,0.222473173881738
4768,1,DGRP_855,F,operant_place,blue,L,shock,1,11:00:00,11:54:51,0.194255673804334,0.829616460618429,0.833499964379965,0.7930401532468,0.706917979245938,0.678537676126597,30.0,22.0,8.0,1200.0,0.187722419928826,1.24504197226022,,1.24504197226022,1.39668961010009,0.918625439286636,11.0,8.0,3.0,180.0,,,,,,,,,,,dgrp855_shock,dgrp855_shock_female,operant_place/20230705/csv/dgrp855_shock/female,20230705,riddha,True,0.062367040754688,0.0469211510910989
4784,9,DGRP_855,M,operant_place,blue,R,shock,1,11:00:00,11:54:51,0.132709321707911,0.527287845895736,0.632807456622309,0.497503985306843,0.523789216367516,0.465278878500264,13.0,9.0,4.0,1200.0,0.165775401069519,1.49269855232128,,1.49269855232128,1.31070526772143,1.26461881540862,12.0,9.0,3.0,180.0,,,,,,,,,,,dgrp855_shock,dgrp855_shock_male,operant_place/20230705/csv/dgrp855_shock/male,20230705,riddha,True,0.123913392851111,0.1393592825147
4833,2,DGRP_026,F,operant_place,blue,M,shock,1,11:00:00,14:14:14,0.3584175714464,1.6616931445392,1.44164409255959,1.54866531434277,1.43677755312784,1.17220453938992,83.0,52.0,31.0,1200.0,0.230636833046472,1.80864091711504,,1.80864091711504,1.57411586630224,1.19704229483941,17.0,11.0,6.0,180.0,,,,,,,,,,,dgrp26_shock,dgrp26_shock_female,operant_place/20230707/csv/dgrp26_shock/female,20230707,riddha,True,0.0707507544000996,0.0774454496341402
4849,10,DGRP_026,M,operant_place,blue,L,shock,1,11:00:00,14:14:14,0.0856215676485272,1.17982889036268,1.88287246227829,1.01087336026164,0.96152220243027,0.803412311868386,51.0,38.0,13.0,1200.0,0.172117039586919,1.8077666385542,,1.8077666385542,1.68223920167627,1.35443667301246,14.0,9.0,5.0,180.0,,,,,,,,,,,dgrp26_shock,dgrp26_shock_male,operant_place/20230707/csv/dgrp26_shock/male,20230707,riddha,True,0.202045249397773,0.208739944631813
4897,2,DGRP_737,F,operant_place,blue,M,shock,1,11:00:00,12:34:29,0.0325050200803213,0.392949955148359,2.42495316735645,0.209332082946121,1.58979224549897,0.151846815991884,15.0,8.0,7.0,1200.0,0.23961937716263,1.99086742863482,,1.99086742863482,1.97545571477805,1.25642372806884,18.0,10.0,8.0,180.0,,,,,,,,,,,dgrp737_shock,dgrp737_shock_female,operant_place/20230707/csv/dgrp737_shock/female,20230707,riddha,True,0.207584331922821,0.196769491506595
4913,10,DGRP_737,M,operant_place,blue,L,shock,1,11:00:00,12:34:29,0.32015562248996,1.90154477322164,1.33897014154753,1.91176408139565,1.02974825162351,1.68355411635939,85.0,59.0,26.0,1200.0,0.320656871218669,3.73426159634239,,3.73426159634239,1.97404695910673,2.90260584390995,31.0,20.0,11.0,180.0,,,,,,,,,,,dgrp737_shock,dgrp737_shock_male,operant_place/20230707/csv/dgrp737_shock/male,20230707,riddha,True,0.0800662704868178,0.0690797659370013
4969,34,DGRP_627,F,operant_place,blue,L,shock,2,11:00:00,14:29:28,0.194533555755165,1.37595278548552,1.41567234830605,1.2533900049628,1.20652535366236,1.10253436044869,55.0,37.0,18.0,1200.0,0.2784140969163,2.93476924070176,,2.93476924070176,2.52616402287983,2.21058755703436,27.0,17.0,10.0,180.0,,,,,,,,,,,dgrp627_shock,dgrp627_shock_female,operant_place/20230710/csv/dgrp627_shock/female,20230710,riddha,True,0.075735945429371,0.089976970548575
4985,42,DGRP_627,M,operant_place,blue,R,shock,2,11:00:00,14:29:28,0.169254459129988,1.74706559907385,1.86562159037146,1.54904181340176,1.43430298515682,1.30097367330027,77.0,57.0,20.0,1200.0,0.265666372462489,2.82113229450661,,2.82113229450661,1.56460287060842,2.10058848654418,24.0,16.0,8.0,180.0,,,,,,,,,,,dgrp627_shock,dgrp627_shock_male,operant_place/20230710/csv/dgrp627_shock/male,20230710,riddha,True,0.101015042054547,0.0867740169353435
5033,34,DGRP_818,F,operant_place,green,L,shock,2,16:00:00,17:28:50,0.116860392450944,0.307101238118193,0.877836685944393,0.214452505660881,0.830205444561808,0.238373415495646,3.0,2.0,1.0,1200.0,0.455574912891986,1.25485953511991,,1.25485953511991,1.14202485199291,1.16258892213514,8.0,5.0,3.0,180.0,,,,,,,,,,,dgrp818_shock,dgrp818_shock_female,operant_place/20230710/csv/dgrp818_shock/female,20230710,riddha,True,0.186570419086239,0.15909962709255
5049,42,DGRP_818,M,operant_place,green,R,shock,2,16:00:00,17:28:50,0.39220097487814,0.705831493243148,0.574659866686756,0.78805655017665,0.541852967010659,0.648933124757794,10.0,7.0,3.0,1200.0,0.0,0.978257999389199,,0.978257999389199,,0.957011885628917,3.0,3.0,0.0,180.0,,,,,,,,,,,dgrp818_shock,dgrp818_shock_male,operant_place/20230710/csv/dgrp818_shock/male,20230710,riddha,True,0.0887701633409579,0.0612993713472688
5097,34,DGRP_853,F,operant_place,green,L,shock,2,16:00:00,18:33:26,0.0570713391739675,1.20465986718178,1.95854405114448,1.09175148492776,1.13651153002271,0.96795703176738,51.0,36.0,15.0,1200.0,0.438748913987837,3.20115207784385,,3.20115207784385,2.18443326508804,2.92062062351929,35.0,22.0,13.0,180.0,,,,,,,,,,,dgrp853_shock,dgrp853_shock_female,operant_place/20230710/csv/dgrp853_shock/female,20230710,riddha,True,0.221882989387981,0.235297027384155
5113,42,DGRP_853,M,operant_place,green,R,shock,2,16:00:00,18:33:26,0.105368539607058,2.35497919020569,2.87850547055574,2.08325872505711,2.4231223758773,1.78706013843292,103.0,71.0,32.0,1200.0,0.134665508253692,2.29381072337439,,2.29381072337439,2.11780208825983,1.81379692748836,17.0,12.0,5.0,180.0,,,,,,,,,,,dgrp853_shock,dgrp853_shock_male,operant_place/20230710/csv/dgrp853_shock/male,20230710,riddha,True,0.173585788954891,0.160171750958718
5161,34,DGRP_913,F,operant_place,green,L,shock,2,11:00:00,13:16:11,0.103041825095057,0.647812243417546,1.15233042142164,0.569950341579938,1.0914858764811,0.519576017951218,20.0,14.0,6.0,1200.0,0.297273526824978,1.11947289346418,,1.11947289346418,0.641558238445087,1.16920996487622,7.0,5.0,2.0,180.0,,,,,,,,,,,dgrp913_shock,dgrp913_shock_female,operant_place/20230710/csv/dgrp913_shock/female,20230710,riddha,True,0.184950883716137,0.162527370621964
5177,42,DGRP_913,M,operant_place,green,R,shock,2,11:00:00,13:16:11,0.435868187579214,0.740970746882241,0.530410459590838,0.892935419499308,0.495503527942422,0.802946525135362,27.0,20.0,7.0,1200.0,0.305383936451898,1.42828349586038,,1.42828349586038,1.27543002914833,1.19454189726836,11.0,8.0,3.0,180.0,,,,,,,,,,,dgrp913_shock,dgrp913_shock_male,operant_place/20230710/csv/dgrp913_shock/male,20230710,riddha,True,0.14787547876802,0.125451965673847
