dgrp584,dgrp721,dgrp227,dgrp627,dgrp391,dgrp897,dgrp189,dgrp879,dgrp738,dgrp303,dgrp93,dgrp386,dgrp737,dgrp395,dgrp801,dgrp705,dgrp31,dgrp91,dgrp765,dgrp385,dgrp362,dgrp911,dgrp321,dgrp26,dgrp802,dgrp818,dgrp776,dgrp859,dgrp820,dgrp304,dgrp437,dgrp563,dgrp373,dgrp595,dgrp732,dgrp208,dgrp105,dgrp517,dgrp850,dgrp790,dgrp309,dgrp486,dgrp313,dgrp217,dgrp100,dgrp808,dgrp786,dgrp318,dgrp787,dgrp559,dgrp805,dgrp354,dgrp551,dgrp319,dgrp153,dgrp59,dgrp855,dgrp390,dgrp228,dgrp892,dgrp822,dgrp405,dgrp382,dgrp853,dgrp195,dgrp913,dgrp75,dgrp440
0.0,7.277365781268703e13,8.62901274745797e13,3.926959763929905e14,2.4207752294318258e13,9.998730312827285e12,2.1795745025213027e13,2.052562956384241e14,4.7269621415060164e13,1.3209771424714623e14,4.617947056465296e13,1.1705201775519978e11,3.979260713479187e13,4.3879990098591195e13,8.90659115656602e13,3.1746614004307125e14,1.2283304472205114e14,3.6666671513037306e14,6.73309384978653e13,1.611324553313538e14,9.291931428633178e13,7.74278099402197e13,5.139013779199806e12,2.6195293250699194e14,2.0237740554861212e14,1.2179922200674223e13,5.865775201918722e12,2.1252620550458538e14,7.495042946235703e13,1.1853877808908574e13,2.252372625075982e13,1.522846127674351e14,3.8338028813853745e12,7.79462631806301e13,1.1383471192818771e13,8.595918991424406e13,6.5916075911536875e13,1.6304264281425244e14,6.717321118917617e13,2.3834067408380918e13,1.880464368097566e14,2.882942070465161e13,1.8198237919408835e12,4.00627369303148e14,4.680525167893597e13,9.936237840877272e13,1.4458886944433645e13,3.7549828306537875e14,1.5292214183912247e14,2.95617823337072e14,5.3328994187846806e14,2.296585101096839e13,2.40287077724626e14,1.298657689551551e14,3.9645621791478414e13,7.624220882222619e13,4.598431301245728e14,1.8412588230298484e12,3.82308322319153e12,3.611052534714953e13,2.0845612501125068e12,1.3161050819404272e14,7.282538535731017e13,1.067166693709642e14,1.6586178003516672e14,1.98158283331965e14,9.017905854687731e13,2.0703126887339056e14
1.760820907711205e14,0.0,1.392041998289326e12,3.0818143843240625e14,3.1542944377085094e13,6.973881203696943e13,3.609114895669148e13,8.128320873289077e13,6.630967010605877e12,2.1237117784974793e13,7.285175682623966e12,1.6224163910575022e14,5.3277467893805544e14,8.795035458859459e12,1.9892672105674854e12,2.0867774524638706e14,1.576124611852969e13,2.7277822930468253e14,2.5589065377362656e11,4.1933764337522414e13,2.974292884203959e12,1.745107729673059e11,2.820995913628709e14,1.4175617551572428e14,7.847981139794639e13,3.4962470393404425e14,9.029307339198197e13,8.849060299541627e13,3.880690368457824e10,6.263272871135411e13,3.4660431410155543e13,3.51158919060946e13,1.0452823209683766e14,2.148260568934633e11,6.4343231445991055e13,1.3273658044569705e12,4.104633344705814e11,4.345869816931166e13,2.7124835095921362e11,3.221255513371634e13,6.497981755619515e13,2.4183103332156758e13,1.2479588315316783e14,3.191521024493325e14,6.904948023202405e12,4.998595687736693e12,5.409340501902976e13,2.8468375624873244e14,3.5593211036791805e13,1.8157530954670662e14,5.131003745748143e14,3.3816652064091824e13,1.1756076216202025e14,1.9862145848137934e13,1.2078489380149963e13,9.76862596401593e10,4.034680068991664e14,1.2452073458811516e14,1.0461537815194236e14,1.5384175356024408e13,1.2152323691969014e14,2.0934059212285066e13,2.223290483283905e7,7.8362195058000205e12,4.574221865376008e13,7.442518662734814e13,2.255596840046822e12,8.302617209683558e13
3.606296595380676e14,2.404427506312374e12,0.0,4.631643994547603e14,7.977859679042766e13,1.5689905959435588e14,8.922934847670931e13,1.0605569464357839e14,2.435339435877729e13,2.030366119596949e13,2.5988952604156742e13,3.345544316329679e14,1.0167261133082018e15,2.9683237043863758e13,9.182230301822012e10,3.039684333621542e14,1.3447097506886799e13,4.0624880401644656e14,4.908200775430855e12,4.844168615106612e13,5.126000067315887e11,1.0031992075123292e12,5.5812242392630306e14,1.9872777782425638e14,1.0185272007757605e14,6.825102738684584e14,1.970942031700974e14,1.1691022350299022e14,1.6685415591967126e12,1.4284426257576484e14,8.626787821086061e13,3.890613774733819e13,2.246233867334472e14,8.863717635288478e11,1.4623625193930972e14,1.3286339599673736e9,5.724682599501788e12,5.060003441574957e13,4.995696760259205e12,8.117688937103266e13,8.178664074040802e13,6.4218497979102664e13,2.6349206185152488e14,4.8085124883128956e14,2.5041267026660918e13,1.9257928697356262e12,1.2581511962531728e14,4.25359485024039e14,3.9566998530265664e13,2.6111168409319294e14,7.963410746484018e14,8.451656980471058e13,1.6127088263579566e14,1.854693120910693e13,3.7432368659901805e13,1.2992667530021057e12,6.174320891861272e14,2.629665851594732e14,2.247912782409209e14,4.496346994816169e13,2.5723834954503597e14,1.9914698198621164e13,2.3852476682391665e12,4.530109182709642e12,5.384740548577877e13,9.57944042160629e13,1.7910787568801688e11,1.086743672986319e14
1.6692406334712652e15,5.4141214347043575e14,4.7108289544326144e14,0.0,9.432490037226921e14,1.1790296200915612e15,9.753740254498002e14,1.2810730726550762e14,7.118952984637766e14,2.944700918686878e14,7.206955834048374e14,1.612100020605165e15,2.9011153542748935e15,7.39788436376055e14,4.57910475634736e14,1.6985517862144092e13,3.242233053533755e14,1.8968568472233508e12,5.73063657465311e14,2.15654928016402e14,4.402606465943806e14,5.159516040059144e14,2.0729947716508872e15,5.6060639648160586e13,1.328562391772151e14,2.3089675654150865e15,1.2861525467529012e15,1.1663794132653275e14,5.293293969619318e14,1.1395975016412705e15,9.654415043141446e14,2.3758745207130562e14,1.3556725344702045e15,5.1320059769720756e14,1.1492233400986962e15,4.7267998785420694e14,5.816509690156924e14,2.111361512895072e14,5.740133141236885e14,9.480830842617909e14,1.5835373668194353e14,8.872237274076098e14,1.4497097139142012e15,1.6853575399246848e11,7.15624796676262e14,4.1228905960636794e14,1.090099521603664e15,8.183823787268557e11,2.359502170516097e14,2.92459026209688e13,4.5633767933435984e13,9.59511775325576e14,7.915839648121427e13,3.0141026856398406e14,7.770001390337076e14,5.2230533606047194e14,1.1257669661010455e13,1.448466302552474e15,1.356088456479114e15,8.103702014949695e14,1.4348654102705902e15,2.9597313344316594e14,5.4112134338850325e14,3.825123042819316e14,2.0460164265456562e14,1.4003577884897411e14,4.5273755410517206e14,1.252386808023808e14
9.683094233917298e13,5.214599272356259e13,7.635645436171906e13,8.876127872608854e14,0.0,1.2363098743071723e13,2.531015756592223e11,3.539385882765982e14,1.5290485835599195e13,1.7282979326142294e14,1.4068647298600291e13,8.38325993135467e13,5.0429634311476044e14,1.1615272430134715e13,8.162525500158023e13,6.653755912205148e14,1.519237419059192e14,8.097895895846461e14,4.317553345175834e13,2.4171889981286266e14,8.908820589573925e13,6.0191795815155266e13,2.066161447291766e14,5.0758456651707844e14,3.4639170299575594e14,2.829197370006875e14,2.4964019227034965e13,3.731185023705302e14,5.586823672319552e13,8.728370900185621e12,1.2141122599493832e11,2.2023896762206434e14,3.509677302094011e13,6.110796915675222e13,9.562899197461969e12,7.573451483574289e13,4.0927572774140086e13,2.4640680405032297e14,4.2923146585086586e13,5.813368879862029e9,3.092576894086647e14,8.070003004371403e11,5.101181351812178e13,9.11500762241589e14,1.4765548414574188e13,1.0192633943013255e14,4.996590485597002e12,8.36092915207636e14,2.2177340640006312e14,6.025452430334089e14,1.32102118986668e15,6.5400348942939575e10,4.4783489383754125e14,1.6774014251326306e14,7.577236540568801e12,5.8111340255735164e13,1.0921452009724459e15,5.078575571845155e13,3.5161716291148715e13,4.744255392298385e12,4.833962717669036e13,1.7171600206541928e14,5.223358790000465e13,1.17082647118303e14,2.5335683955230675e14,3.353828114991421e14,8.376373496035386e13,3.5860546224951725e14
2.283618680600158e13,6.582824782569805e13,8.57430132105814e13,6.334917327067219e14,7.0590519606464375e12,0.0,5.183526534141126e12,2.8468998836197694e14,3.1490432886740695e13,1.585273815933368e14,3.0152416048566727e13,1.8161888569278754e13,2.0483228789644112e14,2.7375563720151973e13,8.994170767125873e13,4.9054648419881044e14,1.4329501979159834e14,5.83691941403015e14,5.809476129979222e13,2.0750147931685406e14,9.582498743141112e13,7.257888828518148e13,6.731641929550156e13,3.8734060040431994e14,2.7957119336401306e14,1.0106247465532061e14,1.2511438467980825e12,2.976610402249297e14,6.897057874648612e13,1.8017185657396283e11,5.729296401483876e12,1.9239869455537544e14,3.3111588649647974e12,7.333818561821405e13,1.0251547427625473e11,8.524471550959667e13,5.6115210243653195e13,2.10780609949964e14,5.787342750424373e13,6.756226633756807e12,2.5424935004519516e14,1.1126859355651697e13,7.507703866403375e12,6.48730263020285e14,3.0918838731181547e13,1.0579410727801534e14,9.366804025718582e11,6.005514188310444e14,1.9348204420945306e14,4.496604175951335e14,9.072702419169285e14,6.069554186685842e12,3.477339112048352e14,1.5483824590833e14,2.243817752137747e13,7.084790108519336e13,7.633439465652801e14,7.442243358718739e12,3.326242050103041e12,1.8513658818042113e13,6.743176741941066e12,1.577210675191344e14,6.59026054852728e13,1.1735753394257508e14,2.1563162380686562e14,2.7208825055585828e14,9.163485856034898e13,2.878510555081407e14
1.0658171671102398e14,7.294083294862406e13,1.0440429931066106e14,1.122069304488188e15,3.094184097074321e11,1.1098328774477312e13,0.0,4.561433291246019e14,2.381207879251891e13,2.2776606714844616e14,2.212219494405499e13,9.15328352981116e13,5.89192101681339e14,1.870138228680998e13,1.1121009944604592e14,8.454650572213891e14,2.011987115784005e14,1.0252865073539614e15,6.117433844425017e13,3.1493666189670606e14,1.2083053691708202e14,8.343757455901006e13,2.3521790661964953e14,6.48547988023918e14,4.4666916184369506e14,3.25490741575655e14,2.4682196018959395e13,4.8020965361415106e14,7.78028623605138e13,7.345824638239842e12,2.9238566816302338e10,2.87807811046346e14,3.592823652865463e13,8.462995706801527e13,8.196277060243077e12,1.0360010969345545e14,5.821296755051339e13,3.208522144018646e14,6.0842135516917695e13,2.2273828919607333e11,4.0001067825591844e14,2.400990177862941e12,5.388625796463077e13,1.1517623790471698e15,2.308705320494158e13,1.3733364630835934e14,3.668209316686077e12,1.0580064507850531e15,2.897471543956992e14,7.671193064933126e14,1.6599747028169318e15,7.47997329617962e10,5.738214534990458e14,2.2130404506105606e14,1.2958620065133287e13,8.072782733151069e13,1.376115189258702e15,5.362938864464719e13,3.600089107374336e13,8.788550105990459e12,5.08526940701159e13,2.2635225890619506e14,7.305537603013333e13,1.567536623679545e14,3.2961909424348144e14,4.32843982663263e14,1.1396904127038311e14,4.6200068197026106e14
1.152492267094738e15,1.8862592862635434e14,1.424869843248757e14,1.6922048659783662e14,4.968322242073433e14,6.998983919807015e14,5.237594463620321e14,0.0,3.117642863860395e14,4.507696990383432e13,3.184727492375846e14,1.098105598244022e15,2.390818188300142e15,3.331294089838374e14,1.3422517062017034e14,6.84217551891778e13,5.907984622364861e13,1.3054354465440752e14,2.1038669371101184e14,1.4972671900922057e13,1.233637055041763e14,1.715508720242776e14,1.5460673536008145e15,1.9387530995934902e13,5.708171862990575e10,1.782371239234397e15,7.95770973206797e14,3.5518304400994556e11,1.804729808817305e14,6.651267684496575e14,5.1540635514495925e14,2.215523689633688e13,8.590011758812728e14,1.6973013926491772e14,6.735876369985096e14,1.434974202317079e14,2.1638668105952353e14,1.3628572779800613e13,2.1104826254346606e14,5.0086745973622694e14,2.1151794822268984e12,4.5051760576319444e14,9.456730523157412e14,1.8171868977289428e14,3.146035963208375e14,1.0667326852542108e14,6.219087497411034e14,1.4325108391682644e14,2.1583367171838664e13,4.6145328231194445e13,4.314937091391731e14,5.1043124372612094e14,7.744510353722369e12,4.8232989893912625e13,3.620796871019133e14,1.7577442754694534e14,2.8441861024791506e14,9.445189483828969e14,8.593817030616296e14,3.884489501678452e14,9.319086814186962e14,4.575451307652402e13,1.8842867931823006e14,8.967632299220367e13,1.1773336868673457e13,3.5064452365333984e11,1.3101657579024594e14,2.145343958721119e10
1.7254647878569747e14,1.000368164098885e13,2.1270766836496855e13,6.11332669660289e14,1.395357754086773e13,5.0329645953800766e13,1.7775028077266242e13,2.0267902545007156e14,0.0,7.784810972768678e13,2.3211695659448685e10,1.558012112287173e14,6.344256503834814e14,2.3014116754076346e11,2.396317272759584e13,4.370592630673078e14,6.462743131543425e13,5.498488674625454e14,6.459399625197707e12,1.2357961698489284e14,2.7890436679020004e13,1.3512685146309986e13,3.050901997830426e14,3.16367962285875e14,1.9723116592467622e14,3.92179429770532e14,7.239331948375388e13,2.1659199881283144e14,1.1592806534415314e13,4.300369082943779e13,1.6551136004422475e13,1.090225048915618e14,8.826204387367945e13,1.3928955473159867e13,4.4750221052991586e13,2.0957705671132996e13,5.645105948657733e12,1.2678684034039548e14,6.366344661250583e12,1.4503032912603316e13,1.7066543208699534e14,8.27878246305245e12,1.1147823726916908e14,6.302898568160576e14,4.183606238680156e9,3.491574184627791e13,3.4466275450310727e13,5.705803750507278e14,1.1005446356426569e14,3.886297371448977e14,9.600786707069168e14,1.58383945189264e13,2.7160224505451656e14,7.459529968714234e13,1.2229299798928987e12,1.2579442633794152e13,7.747531435931955e14,1.11158876274512e14,8.836040871093036e13,2.738087184339463e12,1.0768665638359145e14,7.713451215451773e13,1.004035046330116e13,4.357541702252794e13,1.3156027085444616e14,1.893126086041179e14,2.5075505020387207e13,2.0605556371949503e14
6.156136879278528e14,4.090416753823059e13,2.2640550961616152e13,3.228432124407526e14,2.0135938850371225e14,3.234733593988484e14,2.1706559609621744e14,3.741331119099835e13,9.938871132360919e13,0.0,1.0285073432278775e14,5.79508670776018e14,1.4768177404879032e15,1.1049040421144064e14,1.9697825330229535e13,1.8639081470077022e14,7.848091594585889e11,2.731003400516283e14,5.0377044021003875e13,6.715504759695319e12,1.601734328114724e13,3.382443828054273e13,8.824087311940915e14,1.0257742453626094e14,3.4797957227680855e13,1.04623898963898e15,3.8350011524551925e14,4.435020075245134e13,3.748184284289349e13,3.020307880189484e14,2.121747136343608e14,3.343241054566611e12,4.237286161723635e14,3.3089957149819117e13,3.072308296252364e14,2.3008328775667906e13,5.3068060437688e13,7.581093543816386e12,5.067217284094737e13,2.037018047880995e14,2.2960026001786547e13,1.747808074672545e14,4.795821392439163e14,3.3847509162499925e14,1.008512500449358e14,1.0842480521441758e13,2.756553748600154e14,2.897012602910202e14,3.5500522963441953e12,1.5142149973527294e14,6.270556051801175e14,2.0926956738484794e14,7.485644052594714e13,4.431157481335345e10,1.2586404686868358e14,3.554393412504945e13,4.614338275725996e14,4.788334448232208e14,4.239721070557553e14,1.4016363442810033e14,4.7066124855966094e14,2.0974181368695552e9,4.0820506040877734e13,6.303374092182535e12,8.94408997717207e12,3.1104822207506855e13,1.8587354236144074e13,3.906351976945073e13
1.57436627510755e14,1.0264927251531316e13,2.120045951764467e13,5.780244280014519e14,1.1990836437211533e13,4.5009088006819164e13,1.542318440426332e13,1.933693209514851e14,2.1679023657128933e10,7.524042855105953e13,0.0,1.419830761288372e14,5.853879587569919e14,1.0009853929045703e11,2.3795679318337195e13,4.141714304467614e14,6.2669585793861625e13,5.2023719572573925e14,6.777853280532596e12,1.1860497327009172e14,2.7573453619622164e13,1.3688252894469488e13,2.7999587662669947e14,3.00561701790588e14,1.882263623229612e14,3.606695974841541e14,6.521346160331446e13,2.065003704201685e14,1.1817981220245941e13,3.831958211950844e13,1.432214981097972e13,1.048169009499021e14,7.978212382665681e13,1.4093028140184244e13,3.9913268427239164e13,2.0898375211720133e13,5.970202161514937e12,1.2164121292748442e14,6.685713946418914e12,1.2483282945320822e13,1.6313587117376325e14,6.934971266947631e12,1.0113421969039536e14,5.958381352743185e14,7.17901824115261e9,3.43135451506388e13,3.054138310546535e13,5.397244388447072e14,1.0579474950828658e14,3.686004089257168e14,9.05524192320689e14,1.3681674053464098e13,2.5838009334622422e14,7.21493832220135e13,8.491440051327103e11,1.2779861104340424e13,7.315390750174492e14,1.0084025324899019e14,7.987250419429347e13,2.1080576968912874e12,9.764453844466889e13,7.456241502826661e13,1.030082301031597e13,4.259841609156742e13,1.2615921828926572e14,1.807496153005471e14,2.4866530579287562e13,1.965565148844882e14
3.222027816236659e11,1.8457451004032525e14,2.2035191882233878e14,1.043950406977994e15,5.7690409469553945e13,2.1889339411109984e13,5.152479869251695e13,5.383354173188505e14,1.1748900711781383e14,3.422924772658897e14,1.146384046230194e14,0.0,1.2173866137279877e14,1.0863149050789195e14,2.2771348403412012e14,8.406344030810271e14,3.175630599943116e14,9.735592800530855e14,1.7020515872895472e14,4.199538334265983e14,2.3794008111478147e14,1.9687990695703722e14,1.873791058454636e13,6.909012566747625e14,5.306007615951437e14,4.0422648934234836e13,1.190684499843334e13,5.5787318268194175e14,1.9032785611327322e14,2.6466881702611785e13,5.338302945833006e13,3.962645472686712e14,7.187357975957065e12,1.982516295921659e14,2.530199297729325e13,2.1947454805367125e14,1.664737902055621e14,4.250706033399946e14,1.6978910441475938e14,5.673359209489803e13,4.921188058221724e14,6.9566214452009734e13,2.7906516590376504e12,1.0654076787804454e15,1.162745266977652e14,2.5505662971250166e14,3.296035318335933e13,9.974376935473395e14,3.979708367585478e14,7.816691085498388e14,1.4247844672219222e15,5.451273550480854e13,6.325507078138748e14,3.3633238484684194e14,9.75930403646753e13,1.9374374689684528e14,1.2257175303255898e15,2.8347344659248735e12,7.163010076221689e12,8.840325584557916e13,3.340836743926437e12,3.409913296123244e14,1.8471118817329588e14,2.7461797619985588e14,4.32623657164086e14,5.192677887590045e14,2.3066684847964103e14,5.431048651502043e14
2.3219546408500875e14,1.2848544453848098e15,1.4195640226112465e15,3.9824821548318115e15,7.356605452802009e14,5.233244443449144e14,7.030678862612236e14,2.484599280414205e15,1.0141637753711816e15,1.849120755364658e15,1.0019321067995791e15,2.580652204415776e14,0.0,9.758998742866361e14,1.4466731662279812e15,3.396345165316905e15,1.764849592977045e15,3.7814200120426215e15,1.2291545793696235e15,2.1069146980203878e15,1.4840285614624442e15,1.3317828289121962e15,9.52953661366142e13,2.952228017032974e15,2.4603778792549855e15,4.634295813745561e13,4.447205815181222e14,2.545535831505294e15,1.3068794473245072e15,5.548264489012529e14,7.130082858633802e14,2.0292675145090608e15,3.987105257841746e14,1.3369732288699448e15,5.4700148754208444e14,1.4163203473858262e15,1.2145180914958658e15,2.1235836634453242e15,1.2275262616825418e15,7.306735311677882e14,2.338993258655197e15,7.956952303232356e14,3.421253565111532e14,4.0434217113517825e15,1.0089618376990769e15,1.5458156459769935e15,5.964954379456314e14,3.849829193120498e15,2.0348872237018188e15,3.222916789297808e15,5.044077255537795e15,7.190005587585466e14,2.7754675339276675e15,1.8289185249403375e15,9.270657025146845e14,1.3198859928641348e15,4.4941004113320695e15,3.4283359430331994e14,3.984463138066282e14,8.85289485388173e14,3.506485491319492e14,1.8447160641364482e15,1.2853794396982085e15,1.6154012765520412e15,2.1481256701719838e15,2.42478445207909e15,1.4574966491460472e15,2.4995070107331665e15
1.5389388382209516e14,1.2748275840880338e13,2.49095434745916e13,6.103794186558378e14,1.018414438878705e13,4.2037722389113484e13,1.3412741503948629e13,2.0807805522734038e14,2.2111854821864142e11,8.315080092467803e13,1.0297356550771284e11,1.3840768244324769e14,5.865550305826452e14,0.0,2.775745651514626e13,4.394176586851561e14,6.972567306658203e13,5.501295333177047e14,8.77018106618785e12,1.292036504027327e14,3.1886512019923062e13,1.6592709303610979e13,2.7724862814953456e14,3.205825818209189e14,2.0266619597771744e14,3.587694837099748e14,6.193282614078488e13,2.218885454621373e14,1.4498150457032588e13,3.549365898924267e13,1.2373020935071047e13,1.1459476728243392e14,7.636233333753698e13,1.7044459412971137e13,3.7050180305015766e13,2.4577352684385555e13,7.835161600316184e12,1.3241726292619453e14,8.663836997686651e12,1.0644914999467906e13,1.7623855281245403e14,5.52292006761072e12,9.759574106358775e13,6.289440938583214e14,1.65512447755706e11,3.921514004213161e13,2.792418578575808e13,5.704520066191428e14,1.15631715615626e14,3.917877118346177e14,9.512236769231845e14,1.1769861530262271e13,2.7636761519030662e14,7.985377612233627e13,3.7667061845767206e11,1.557694319174156e13,7.702592821545334e14,9.730285219706738e13,7.645201722426884e13,1.3264671468988462e12,9.411976098289794e13,8.242781551296922e13,1.278884592111431e13,4.817342879587674e13,1.3719714576113519e14,1.9479553315163025e14,2.8929726801846504e13,2.114310846322946e14
3.457674644720379e14,3.191719744763869e12,8.529438811605676e10,4.1820641527053906e14,7.922047965372192e13,1.5288152451500616e14,8.828884690916106e13,9.280364613493277e13,2.5485487732217363e13,1.6408841702805941e13,2.7096543022826453e13,3.211522546057707e14,9.624799621412164e14,3.0725392328091758e13,0.0,2.72628719867572e14,1.0512013836232146e13,3.6610591380214144e14,5.891760958135762e12,4.116492552790589e13,1.5839591130385345e11,1.5810315110817698e12,5.318288471413308e14,1.767488628559132e14,8.901551235105327e13,6.48781158017001e14,1.910708844646015e14,1.0259703938445225e14,2.362399411117453e12,1.395026798187491e14,8.544892457625498e13,3.2714040127574625e13,2.1717685741001828e14,1.4386617138685117e12,1.4273293986066503e14,1.0704864504690329e11,6.749944476248596e12,4.308349300638708e13,5.98410412732072e12,8.056323788578277e13,7.096631527303812e13,6.424966144154769e13,2.5398312718405175e14,4.3440669370750344e14,2.616341941240462e13,1.0929430091404183e12,1.2327040623258689e14,3.835941414053084e14,3.329822124864282e13,2.3353697030685762e14,7.239257474844855e14,8.376877533170139e13,1.427418114341292e14,1.4889224930134812e13,3.830077939434096e13,1.933882860163173e12,5.596338444122272e14,2.534858915634488e14,2.1733596560398894e14,4.5627087467354e13,2.480649155568924e14,1.6071946545171945e13,3.1704148334137505e12,3.09514110346486e12,4.597349716054267e13,8.355946099601442e13,1.341852711165018e10,9.516501130345475e13
1.4033709839372548e15,3.812503357437159e14,3.215164774739481e14,1.7664094403765246e13,7.353299493226402e14,9.494596575843292e14,7.642927710231436e14,5.38676163780198e13,5.292872513161049e14,1.7680177592642453e14,5.370298063310822e14,1.3499940672052782e15,2.5729749875125585e15,5.5385712602071444e14,3.1043742861387994e14,0.0,2.0049112191998072e14,7.830827049344105e12,4.0841895678966644e14,1.16053070953755e14,2.9565232485615775e14,3.5951892553951356e14,1.783191331135809e15,1.1782705261593533e13,5.7024338156032164e13,2.0069764606025215e15,1.0477815829042972e15,4.638501312643649e13,3.7092307132097275e14,9.134160491393246e14,7.553300249138979e14,1.3261558174054648e14,1.1118798894894771e15,3.5717779520492406e14,9.222068899335462e14,3.22862261632287e14,4.158175770393628e14,1.1267959297533072e14,4.0923659618351625e14,7.396834050941548e14,7.447523912596597e13,6.850046133150469e14,1.1989109262847712e15,2.1358433981451348e13,5.3256743358496744e14,2.7237067729194047e14,8.682947719742291e14,1.0760558716721857e13,1.3136897706238911e14,1.7214683649301938e12,1.230271551189145e14,7.499826058063814e14,2.3718980146192305e13,1.8229589712018475e14,5.867636057539858e14,3.649312776078216e14,5.813266001690771e13,1.1977578374950355e15,1.11226401569055e15,6.163897923701445e14,1.1851488679229412e15,1.77989935274747e14,3.810014904783995e14,2.4780744640296534e14,1.0782662960617628e14,6.1856156829137336e13,3.0609688032388594e14,5.197681064905139e13
3.816833802259758e14,2.0241262705344953e13,9.998071895084932e12,2.370116889715347e14,1.1801955960656623e14,1.9495770202266775e14,1.2785044251644588e14,3.2695339817908457e13,5.501497887839186e13,5.232860182612721e11,5.711997759990913e13,3.58482227802303e14,9.398193758007732e14,6.177687117509056e13,8.4139775407015205e12,1.4093150752522762e14,0.0,2.021410620767275e14,2.5728104480198176e13,8.062417734207404e12,6.475092806778248e12,1.6205633422539094e13,5.537925023920262e14,8.088368841550156e13,3.0694363203244e13,6.599102331345868e14,2.3309406066377962e14,3.796206868719615e13,1.8282345887808707e13,1.8137677559434084e14,1.2478656038470397e14,4.912539303609304e12,2.5873399990315966e14,1.579091115184788e13,1.8466801233351984e14,1.0197822340302193e13,2.730134976504347e13,8.830887819343043e12,2.590036158714073e13,1.194841840382225e14,2.1493048863306496e13,1.0144331373113789e14,2.9442222442162006e14,2.479423517596126e14,5.5903814618129375e13,3.8626940909068755e12,1.6470741637358406e14,2.137946528390865e14,5.116242984813238e12,1.1602357415498017e14,4.4820706263451506e14,1.2296771540866198e14,6.0656397015003984e13,3.041488150428574e11,7.119174194662264e13,1.717966419538825e13,3.335699119121274e14,2.9394322082563975e14,2.5888936587222175e14,7.99936187324627e13,2.887158062714874e14,4.7058048190360724e11,2.019321059726061e13,1.7601602416691633e12,1.0020017246127928e13,2.7851719914049406e13,7.823487709946938e12,3.395328866071275e13
1.308426036638843e15,4.022966477931688e14,3.4687216737724706e14,1.5923911304217415e12,7.224207099048122e14,9.119744156343349e14,7.481900693334882e14,8.296435810206792e13,5.375229948371154e14,2.0911585693314675e14,5.4453056395634656e14,1.262088210113185e15,2.312497493527291e15,5.5974189144670575e14,3.3652073277775575e14,6.321355879027789e12,2.3213691061489453e14,0.0,4.273173330126794e14,1.4867440303201988e14,3.226668960793029e14,3.8220316257754644e14,1.6365656294097075e15,3.134093739907056e13,8.647033882413105e13,1.8288314168267645e15,9.983743271722291e14,7.453502998300853e13,3.927570893318378e14,8.802106251496714e14,7.402204752919162e14,1.6540153065897972e14,1.0545238327042776e15,3.8003393873409825e14,8.879624252745179e14,3.4812790411149056e14,4.341130800865126e14,1.4523859510911347e14,4.2806871193728694e14,7.262971176375145e14,1.0542976377145414e14,6.775295012463785e14,1.1305636090732418e15,2.68318605412082e12,5.404924675474192e14,3.0075166482656225e14,8.403717081829189e14,1.8751595627054965e11,1.6415011103250878e14,1.3638690074550057e13,5.552233840743976e13,7.354635209868679e14,4.747139058905689e13,2.1447717607506516e14,5.894183019282608e14,3.8721463002700044e14,1.8801744915436902e13,1.1295575443797795e15,1.0548599350890356e15,6.160625279829631e14,1.1185539006895094e15,2.1027650275233956e14,4.0206697599962175e14,2.7748171163853238e14,1.402769842224419e14,9.178678607624808e13,3.3245841166202494e14,8.085087080610177e13
1.751977193615927e14,2.751865619464528e11,3.0558762902052236e12,3.5079561115420544e14,2.8086123493130004e13,6.6186896844622086e13,3.2551579713412184e13,9.749683457714667e13,4.60449448946385e12,2.812765304994444e13,5.173079056025821e12,1.608926180115573e14,5.4811154096080656e14,6.506800645068698e12,3.948992333571445e12,2.4040560611102056e14,2.1544357078922176e13,3.115922159954873e14,0.0,5.2416545797688734e13,5.350146156720649e12,9.173642191340323e11,2.8537311991965206e14,1.6567466247309594e14,9.431140289792083e13,3.559202357186867e14,8.703848353898162e13,1.0567336887985161e14,5.3125053128317e11,5.902030642804459e13,3.1143841122248703e13,4.4486416335457914e13,1.0156192637062614e14,1.0104939960914221e12,6.074300756673877e13,2.9561476703949473e12,1.9546412746829037e10,5.4183432027429555e13,2.4063679622981215e8,2.874170893866593e13,7.89253244278203e13,2.093146436983776e13,1.2232722902495134e14,3.629305270376108e14,4.84184091846771e12,8.083217115366073e12,5.044553818372542e13,3.2478345570107956e14,4.5043399148069336e13,2.1020334301998856e14,5.767119774983968e14,3.0314882606950355e13,1.3849755362678808e14,2.6483972721420617e13,9.483218726524145e12,7.202921412116132e11,4.560216270833683e14,1.2204473860475931e14,1.0165100786702919e14,1.255199713754445e13,1.1896822878689073e14,2.7765838306626695e13,2.803405982836808e11,1.1747983902439855e13,5.682517039883801e13,8.969874572143077e13,4.3349035606304346e12,9.947584052118392e13
3.195454078228384e14,3.4369437468077023e13,2.298626853892428e13,1.0061122715067419e14,1.198396337593927e14,1.8017395867264056e14,1.2772084504942647e14,5.288193406476384e12,6.713862207816752e13,2.857690902698705e12,6.899150633015061e13,3.0255248533148175e14,7.160530043221895e14,7.30582896112448e13,2.1028305689383504e13,5.2063230410293195e13,5.145490958446934e12,8.262435254826697e13,3.99488400083928e13,0.0,1.8500408314961914e13,3.0078101862708594e13,4.438696289640204e14,2.4170747969934105e13,4.655319481217892e12,5.19408408788266e14,2.092414459491722e14,7.042613016414607e12,3.231014318180287e13,1.697121046288401e14,1.2527143853369123e14,2.477183863995128e11,2.285689580479754e14,2.9625524387249805e13,1.7225345970389975e14,2.3227662978199992e13,4.150662195353043e13,1.1160808815410524e10,4.012021443120857e13,1.2101792516966466e14,2.0600319403380435e12,1.0639093333346878e14,2.55236209366241e14,1.0631511772040272e14,6.792217080374556e13,1.4733793782021691e13,1.5677659197658853e14,8.85972244506339e13,2.1286688705963428e11,4.015366692400742e13,2.144646467212733e14,1.2381449895791281e14,1.5629970878991207e13,3.3408105517947266e12,8.116066011524622e13,3.1131801413426832e13,1.5183828002668962e14,2.5487989733770612e14,2.2868561449725284e14,8.861340752608239e13,2.5098872475565906e14,2.959589721898566e12,3.431940401749168e13,1.1077233920122072e13,6.7826661632485825e10,3.7935057663153774e12,2.0275843439619543e13,5.696117134086019e12
5.5157550589301956e14,7.296955973313051e12,7.280768996936178e11,6.148176779783752e14,1.3220853633024933e14,2.490571502072047e14,1.466779017480411e14,1.3042019593821847e14,4.53555369664705e13,2.0402176222362223e13,4.801017763918839e13,5.1311675985498306e14,1.5096973677610105e15,5.396984268399748e13,2.4219787845183472e11,3.970134252808917e14,1.2369636590547904e13,5.3675450398177425e14,1.2205366972965447e13,5.537716692738208e13,0.0,4.190077798013456e12,8.415120433525179e14,2.5432191079546875e14,1.2486967981521448e14,1.0232728445703235e15,3.092261408824769e14,1.4479180268577622e14,5.725167348114988e12,2.2792645892206397e14,1.421500386317835e14,4.330275849467755e13,3.5025644397979306e14,3.901855450729942e12,2.330312237570701e14,8.040985827649921e11,1.3725432442942396e13,5.8130881436463305e13,1.2369627382731318e13,1.3435312451771077e14,9.850132868554836e13,1.082400212741098e14,4.0799611490385994e14,6.391114740407501e14,4.647332499802129e13,6.409703054899783e11,2.0224403013427738e14,5.6294544231256944e14,4.413412990745271e13,3.3873604110302956e14,1.0744255025021118e15,1.3946981998799306e14,2.0396259303803556e14,1.8312420054540805e13,6.633901459056442e13,4.891790824881819e12,8.271669866845001e14,4.072168122032104e14,3.505063000665924e14,7.823033319298238e13,3.987194553122351e14,1.9937915691137195e13,7.257110053025383e12,2.833618486132702e12,6.2286296229748234e13,1.1688449904291388e14,1.217281461487177e11,1.3388264813279244e14
4.153092230465151e14,3.868618111866144e11,1.287542133098641e12,6.510600856062082e14,8.071462058729327e13,1.7045360074901025e14,9.152195304900367e13,1.6388001580912966e14,1.985602363981028e13,3.8930701445083586e13,2.153603718178887e13,3.836415306616295e14,1.224212118491149e15,2.537681221595101e13,2.184452060724113e12,4.3623577294261156e14,2.7973871697234582e13,5.745015266224624e14,1.8910482804276455e12,8.135335549849738e13,3.786149089319636e12,0.0,6.568637454268416e14,2.925852078081414e14,1.5795582742588578e14,8.100794446387225e14,2.181513877133651e14,1.791330250880525e14,1.080278610345758e11,1.5389138966847256e14,8.812751082212656e13,6.725748723249068e13,2.5104498164286278e14,4.639663132903749e9,1.5788210160148822e14,1.1955342013884849e12,2.483412517986253e12,8.451775252051789e13,1.9527994950776853e12,8.230887010856698e13,1.295063348459063e14,6.310500451933363e13,2.977295868495526e14,6.748065843380812e14,2.056092927072953e13,7.326991918139792e12,1.3392527287850619e14,6.002337025491481e14,6.824128374009811e13,3.7795197599425256e14,1.0958921386652751e15,8.612344620513978e13,2.40917871083514e14,3.616354327758847e13,3.359985866297225e13,2.4532348407943226e10,8.576062602092139e14,2.970968056493236e14,2.5124606214420788e14,4.175566207640479e13,2.9020156747372144e14,3.831998991449421e13,3.7817790930221735e11,1.2573724914377266e13,8.9263267245995e13,1.4939686303121147e14,2.6054815484810576e12,1.675657970237267e14
3.770930302374027e13,8.555200623430611e14,9.799363408006952e14,3.578528114310761e15,3.790297381935885e14,2.1627732920967562e14,3.5296212988458006e14,2.0204848564601572e15,6.13300055122427e14,1.3893944355731715e15,6.026477376133491e14,4.995046144384943e13,1.1983651451747297e14,5.80073853101775e14,1.0052359357197225e15,2.959999149442306e15,1.3077591348950052e15,3.3653052229213435e15,8.047630096684328e14,1.6423835922638865e15,1.0402316975692509e15,8.986062090536784e14,0.0,2.498336184964275e15,1.996005586293115e15,1.0976064677387387e13,1.6132665722214422e14,2.0821978174962682e15,8.757061845322178e14,2.3923433274055538e14,3.608764797958833e14,1.5657012094711102e15,1.3098202839015692e14,9.033890035175891e14,2.3348680299524572e14,9.769147849092726e14,7.914974940097745e14,1.6588960688915735e15,8.032856948942662e14,3.7501939314402656e14,1.873782196288269e15,4.278861083648415e14,9.594293831512048e13,3.6433519758163615e15,6.08766285835142e14,1.098442136871874e15,2.7031093999658553e14,3.4377363155222015e15,1.5712377742842585e15,2.778918406866938e15,4.719191322179442e15,3.656628422474706e14,2.3166073443726465e15,1.369772686063629e15,5.3809980037042206e14,8.876565083577598e14,4.1253854012466855e15,9.636376427859444e13,1.3081223555788873e14,5.026025206385445e14,1.0103918587054183e14,1.3851136029153678e15,8.560004789656014e14,1.1644604046851985e15,1.6832393351473358e15,1.9600868851390905e15,1.0153599756998416e15,2.0355657818839188e15
1.6988669486073602e15,3.799593257823848e14,3.083857825043968e14,8.553259625775519e13,8.229715455431199e14,1.0998928824990724e15,8.601362012449479e14,2.239324720368305e13,5.6208840031033856e14,1.4274960942246044e14,5.71758875743669e14,1.6278024743770055e15,3.2812148066525355e15,5.928177321224991e14,2.952705431082483e14,1.7286458803953344e13,1.6881421649105366e14,5.696005431369726e13,4.129318830033765e14,7.904540642292308e13,2.7785671999468375e14,3.537641889922602e14,2.2080975580743738e15,0.0,2.4889335530968066e13,2.510514287909763e15,1.2284679364317992e15,1.6741551369508469e13,3.674900042686662e14,1.0529609295653082e15,8.486243879071176e14,9.585996623697514e13,1.3126825792173458e15,3.5095231838830694e14,1.0643967139771259e15,3.099826130749192e14,4.219510441342176e14,7.568479699792723e13,4.1392779968474475e14,8.285512193017332e14,3.9629458372335625e13,7.586507216666808e14,1.4274697694788742e15,9.516921149202861e13,5.661838604353188e14,2.506586907910244e14,9.943770114410591e14,6.6112629328301805e13,9.457750292471561e13,6.597158000607507e12,3.094957896541345e14,8.417607556758512e14,3.032135772424223e12,1.4874513909867844e14,6.341550526695239e14,3.602725416432974e14,1.7936649195042294e14,1.4259458158079182e15,1.3131881240419525e15,6.715363569755719e14,1.409286752525129e15,1.4404351426551744e14,3.796584354676595e14,2.2229422922668138e14,7.089266308280617e13,2.8821343296200406e13,2.901474993760602e14,2.0928204986948973e13
6.115360676066339e14,9.801149664383534e13,7.364314932624216e13,9.444511727920956e13,2.61678379492138e14,3.698909793816779e14,2.7601649045511478e14,3.0719600206215412e10,1.632719641798489e14,2.256320750400683e13,1.6683365822322316e14,5.824753356852644e14,1.2741205740162632e15,1.746170025760655e14,6.928722055323012e13,3.898030423727471e13,2.9849059200533645e13,7.322333802610864e13,1.095242976570756e14,7.093490430459195e12,6.356500340212824e13,8.898588101023316e13,8.219645383288888e14,1.159677556042924e13,0.0,9.483906594697819e14,4.210356059629944e14,3.751260316601962e11,9.37010051001787e13,3.513491243896742e14,2.7156823573034872e14,1.074355931685112e13,4.5478143432368225e14,8.802394091394572e13,3.558604509387782e14,7.417606964472188e13,1.1270049022982602e14,6.415851334307538e12,1.0987447344067442e14,2.6382678722410578e14,7.95044033266531e11,2.3702699671215994e14,5.01054438450411e14,1.0129259434289498e14,1.6477936306538675e14,5.4782964650817266e13,3.283096200900714e14,8.020182367691162e13,1.0451520615540285e13,2.66115669521045e13,2.3758893142206116e14,2.689190313124898e14,4.914212497482049e12,2.4202260747802223e13,1.8999744223808634e14,9.121765707369894e13,1.574328090793647e14,5.004381626815035e14,4.549845529833535e14,2.0401350645278425e14,4.937046453929064e14,2.2914912921476418e13,9.790719034101764e13,4.585651176379539e13,5.484400165744919e12,6.714985776103215e10,6.759627972540471e13,7.993082507513403e10
5.923889229119907e13,7.027867168694298e14,7.942757013455634e14,2.641908368929218e15,3.440059616081136e14,2.1521553194272528e14,3.237353036112838e14,1.543899573052337e15,5.225444610856338e14,1.0918936759637148e15,5.145352363696546e14,7.142278878612012e13,3.862734241160954e13,4.975343514267873e14,8.128081231223896e14,2.2081552907937345e15,1.032902301423645e15,2.492633334810044e15,6.652751701083832e14,1.2738603945731905e15,8.384069853373459e14,7.345399592681682e14,7.275123145196253e12,1.8827341909748372e15,1.526474770143588e15,0.0,1.6998795802777472e14,1.5877961508798052e15,7.17673083878061e14,2.3377328001210016e14,3.2990099809196706e14,1.2188292946471e15,1.4435576560533588e14,7.380599717814549e14,2.2914276524389522e14,7.920608413832584e14,6.554514425749276e14,1.2856976383337128e15,6.641815728766526e14,3.408942965391346e14,1.4393606719998905e15,3.8173245286607756e14,1.1388606909484105e14,2.687243628427591e15,5.1913664279295756e14,8.80899175382589e14,2.5864875236138934e14,2.5433690666078135e15,1.2228060110581852e15,2.0807077894035918e15,3.4369395572151485e15,3.336249362798389e14,1.7541465843218725e15,1.0777279771306569e15,4.6581439756677456e14,7.264777409828892e14,3.0237355675166055e15,1.1425924023400431e14,1.442106349937425e14,4.388685487278981e14,1.183916798982618e14,1.0888038797132194e15,7.031412079749879e14,9.289675301668516e14,1.303140451742705e15,1.5008937712892372e15,8.202179449653881e14,1.5546308433780112e15
1.1008164322828977e13,7.003303415742954e13,8.850402224396528e13,5.678314910105289e14,1.171235710700907e13,1.028058908308235e12,9.472449382318693e12,2.6597207953313225e14,3.7218940213414016e13,1.5443368080454316e14,3.5897971939214055e13,8.117752531411982e12,1.4302942086305353e14,3.3140232257570457e13,9.236584218773775e13,4.448208829916277e14,1.4077731039634872e14,5.2505548965608544e14,6.2775043725883086e13,1.9801023780643662e14,9.776124266069123e13,7.632606415582327e13,4.12597792795487e13,3.554816699489253e14,2.6148589123419744e14,6.559114779504554e13,0.0,2.77329028076115e14,7.296689017833064e13,1.9563625789542178e12,1.013571675423649e13,1.8461851784458753e14,4.039127069442307e11,7.703167845131948e13,1.7008531380933967e12,8.804504136507733e13,6.090768166066819e13,2.0091308810504194e14,6.2566459640381055e13,1.13576216516135e13,2.392541048733153e14,1.63026427883634e13,2.160381687514844e12,5.809060755374918e14,3.665521655487292e13,1.0686567866677936e14,3.576782645192634e12,5.3954565759739325e14,1.8558038501391128e14,4.094914105060314e14,8.018961661193608e14,1.0544074372501625e13,3.210375399552956e14,1.511314501189307e14,2.8172795294236438e13,7.471584655590161e13,6.790513525638254e14,2.1285990434060894e12,4.0869668006384906e11,2.4149988396543445e13,1.7955079546047285e12,1.5371220186821006e14,7.010255444539231e13,1.173737864050694e14,2.0520449729894797e14,2.549230729031265e14,9.392042011084517e13,2.6874122953894678e14
2.950344471039057e14,5.077108093097512e13,3.883402418087941e13,3.809233424244955e13,1.2949330974860389e14,1.8092704914264088e14,1.3632645174620061e14,8.781544952172108e10,8.237182146482078e13,1.3211218106711016e13,8.408610654778066e13,2.8134897767224897e14,6.056031347235615e14,8.782947389482673e13,3.668786655848686e13,1.4566755804728363e13,1.695985266866807e13,2.899632627524009e13,5.6378304348661625e13,4.929972610859611e12,3.3861425462543273e13,4.636190756484346e13,3.9392496113613506e14,3.5836025289511147e12,1.723365473146111e11,4.532027820981549e14,2.0514742885339125e14,0.0,4.866691017433314e13,1.7213398099898222e14,1.342072368089486e14,6.952592562128488e12,2.2110442543338947e14,4.58912119439201e13,1.7427403333037734e14,3.909629516042861e13,5.7922264361865734e13,4.54527115821282e12,5.654858598140018e13,1.3051760263480323e14,1.0393686942136735e12,1.1772882903891975e14,2.4295844782814297e14,4.10433431806635e13,8.30974530299261e13,2.950541786221402e13,1.6119769123552666e14,3.1978062196145926e13,6.793184374774426e12,9.494902630886344e12,1.0064875337570625e14,1.3294482169901584e14,1.1824586437832817e12,1.4059604683853174e13,9.52159891515659e13,4.745336499631161e13,6.54374970493647e13,2.4266757557910984e14,2.2120041983706512e14,1.0193613003783008e14,2.3948915085132103e14,1.3393548184803752e13,5.072019624786437e13,2.505009153267146e13,4.00982602917414e12,3.4901398306105493e11,3.5853519041418484e13,4.995543912348102e10
1.3156756120100795e14,2.8154168764715946e10,7.008279210071859e11,2.1859398934273656e14,2.4517713843290008e13,5.301024809060042e13,2.7929250502804254e13,5.642159472610084e13,5.574928606952029e12,1.4118308563619082e13,6.085008171748838e12,1.2137428192290161e14,3.931505517538045e14,7.25658792886872e12,1.068206992157066e12,1.4729346021943225e14,1.0328056077496396e13,1.9320619244316488e14,3.5839364129427295e11,2.8599867796753902e13,1.6930270956978052e12,3.5353781651291664e10,2.0949052847240378e14,9.946816977819044e13,5.443257705097482e13,2.5902336583733675e14,6.825131877327959e13,6.153868839278613e13,0.0,4.772994858213767e13,2.685689334054789e13,2.381068576528152e13,7.878510921002681e13,5.1525677433710175e10,4.900158920813339e13,6.618333326348198e11,5.0907105119250616e11,2.9672842804064188e13,3.738113108343993e11,2.5020462429170387e13,4.486647766161913e13,1.8978486544733074e13,9.375993883564764e13,2.2646460562691462e14,5.788752412063208e12,3.0155435929633857e12,4.1374864249371836e13,2.017416564129072e14,2.414550484785303e13,1.2790827082647011e14,3.658046086542616e14,2.622412712781525e13,8.221856190852886e13,1.3164130083556865e13,9.784424391960703e12,9.687208913232e9,2.8700023390074225e14,9.355679820721895e13,7.884955108210764e13,1.2310406613829625e13,9.134350759679608e13,1.3907873896958576e13,2.682252696363809e10,4.913132809642369e12,3.1280650921115637e13,5.155725164584441e13,1.2352875381604172e12,5.765862073061173e13
6.3826057685726305e13,1.393791864453966e14,1.8403483845565753e14,1.4435325001384932e15,1.1749275175982127e13,4.2476213559642975e11,8.088484141288849e12,6.378234282361308e14,6.3433595460917516e13,3.4896014220220825e14,6.05203610276342e13,5.177140718069164e13,5.119686791310714e14,5.4492095300515445e13,1.9348509566023803e14,1.1125796986989446e15,3.142904744387637e14,1.328148056504716e15,1.2213081457946486e14,4.6078765748284356e14,2.0674420336063512e14,1.5448179074139206e14,1.7554657343085922e14,8.742058904784291e14,6.260606352195624e14,2.5880343113812253e14,5.613030895845349e12,6.676424619403296e14,1.46404303199035e14,0.0,9.141277144595135e12,4.262512528633163e14,1.1872799763707938e13,1.5618290715232778e14,2.563966466990451e10,1.829140115371023e14,1.1772609530531283e14,4.682914297036343e14,1.2163809836813323e14,1.115065975710705e13,5.679148561621565e14,1.9980729223376047e13,2.3608318980664312e13,1.478855662641221e15,6.218843657883803e13,2.292528933472996e14,6.960295802196927e11,1.3672015789486898e15,4.287272440128991e14,1.018076697547209e15,2.0790657207757402e15,9.803247195544877e12,7.828997160344414e14,3.4055779511531425e14,4.384324754495871e13,1.50605473421748e14,1.7447418660657618e15,2.3430033788390707e13,1.1916644322087607e13,3.545993762266521e13,2.1519204713717703e13,3.471233919233222e14,1.3954531898886198e14,2.554182733833414e14,4.7939542089075975e14,6.08870190854596e14,1.9729894156442047e14,6.450888062678801e14
6.49432575538264e13,4.130349581304252e13,5.9517216772144195e13,6.548733200585101e14,8.75171127824002e10,7.232965392774965e12,1.7240065730410194e10,2.6466838332016372e14,1.3073674235020273e13,1.3127272138861547e14,1.2112818572271303e13,5.591736062011617e13,3.5231981408854625e14,1.017219641204685e13,6.346405561099163e13,4.9266929472018725e14,1.1579068149167078e14,5.981047243292224e14,3.451057722733704e13,1.8213622770827534e14,6.9046526401569234e13,4.7372982923327664e13,1.418024332345703e14,3.772882104447118e14,2.5912704785330628e14,1.9557576755805503e14,1.5572516712172557e13,2.7874656625607288e14,4.4113844125971e13,4.895117608812676e12,0.0,1.6629772115634575e14,2.2410438402170633e13,4.806293818969541e13,5.427344082632577e12,5.905098946537057e13,3.2803098626001082e13,1.8559078935335866e14,3.431898709826341e13,5.3406806684142365e10,2.3184432349933372e14,1.120492562679547e12,3.3270665490365375e13,6.722925897987286e14,1.2661270111469895e13,7.86308015446219e13,2.5663476130476587e12,6.172953117560641e14,1.674297185009325e14,4.467522073587955e14,9.70579836800553e14,6.195150529526707e9,3.335317693629689e14,1.2750597156243681e14,6.932199584663287e12,4.580537899655255e13,8.039418506310195e14,3.311567423547628e13,2.245449950346951e13,4.601480652841788e12,3.14397029142387e13,1.3044855117867973e14,4.136968267753052e13,8.991995518134433e13,1.9071102995406284e14,2.5104171820539078e14,6.506460694368311e13,2.680945173903859e14
3.681661168140166e14,3.5087345644324996e13,2.250637663526872e13,1.3512907290474456e14,1.3311354964900628e14,2.036625523890534e14,1.4229163759362475e14,9.539435113500475e12,7.220711158639748e13,1.7343730640863228e12,7.432968291037955e13,3.480347682074636e14,8.407671972137711e14,7.899466130537372e13,2.037273647400333e13,7.252826141695106e13,3.822133032252735e12,1.1205974452735498e14,4.133342894583369e13,3.019927244844229e11,1.763617423112757e13,3.031473882033108e13,5.1585537171907125e14,3.573460308742876e13,8.595594657966282e12,6.058543950455812e14,2.3783379458342303e14,1.210805362753664e13,3.2793290658976914e13,1.913885216652466e14,1.3943771678536558e14,0.0,2.6060309155689412e14,2.9813263654111863e13,1.9436875385059266e14,2.2770189701779875e13,4.308440122491754e13,4.438009469724113e11,4.1525916865959586e13,1.3448485231946961e14,4.55511537389657e12,1.1748586993456184e14,2.920723200136404e14,1.4242294876959544e14,7.310447914571647e13,1.360586011222531e13,1.7623330051376753e14,1.197329983735981e14,1.6097710693947213e9,5.694291480270287e13,2.795267312541185e14,1.3774078007577653e14,2.4154068795149086e13,2.156704669351478e12,8.831218788462645e13,3.1483728238490508e13,2.0036090640781938e14,2.9165147829788306e14,2.607406258234324e14,9.690688141330681e13,2.870562175544522e14,1.8223434156943257e12,3.5031530256673574e13,9.76731536124402e12,7.007240183042103e11,7.290209932314374e12,1.9555882483045066e13,1.0142366730646322e13
1.4783621366333656e13,1.665879848547905e14,2.072553219255813e14,1.2298251000032522e15,3.3834405270627754e13,5.590521697445331e12,2.8331916965675133e13,5.899337958200098e14,9.323974020803653e13,3.5061127776180744e14,9.024015159613167e13,1.0068619911745654e13,2.634859215579097e14,8.396057470710919e13,2.1572078299543588e14,9.699153789677691e14,3.210824154323772e14,1.1395404902153765e15,1.5051098599347947e14,4.4444573634867925e14,2.275297606087052e14,1.8047954827745794e14,6.883257868087526e13,7.80503168860568e14,5.80354994557738e14,1.1445183791286348e14,8.299445531913274e11,6.141695058089254e14,1.7306948211127894e14,8.502891174970636e12,2.9971437645432367e13,4.1566439134455275e14,0.0,1.82034646975008e14,7.730982112476115e12,2.0624843097365422e14,1.463638975251437e14,4.506788160839058e14,1.5004798771896856e14,3.2969108341247117e13,5.328387091454189e14,4.4873429069871984e13,1.4301702814797031e12,1.2574026961013558e15,9.196029445522538e13,2.4741291950890075e14,1.311886634571652e13,1.1701345214276242e15,4.1773312439135944e14,8.95088955156127e14,1.722495428192565e15,3.097636299117724e13,7.07282223386964e14,3.4347709414981e14,7.25811173306287e13,1.7692896361109056e14,1.4641781467744935e15,1.3932068839022776e12,2.8935497728592657e7,6.328736543492906e13,1.0196011672265342e12,3.490529058825758e14,1.667416782152087e14,2.7030088960725088e14,4.5988992006934625e14,5.663366010443415e14,2.1912542268855956e14,5.958449011157654e14
4.0497623769992725e14,4.612965610785316e11,1.1019193848110251e12,6.272763284424505e14,7.937292794646716e13,1.6683442577861134e14,8.991815144582511e13,1.570549670628522e14,1.9825713003162598e13,3.689074976294112e13,2.1477401327341934e13,3.7419728037931875e14,1.1904348042259152e15,2.5250072780387914e13,1.925397129218569e12,4.1980113917648175e14,2.6403007505145168e13,5.533232699998804e14,2.0176888724155405e12,7.76159061954158e13,3.415123727069335e12,4.494134757300046e9,6.396469278627301e14,2.8115528721482003e14,1.5134741165695934e14,7.884306143134224e14,2.132623124806245e14,1.7175268369849734e14,1.525047088320784e11,1.5070587056695347e14,8.660654823015852e13,6.4070183686671766e13,2.4526594233991462e14,0.0,1.54592498301537e14,1.0182464613633646e12,2.617960779551497e12,8.06581214736378e13,2.0804421532873606e12,8.092882275613742e13,1.2394703033487702e14,6.217838727584663e13,2.906723492156968e14,6.502171374907305e14,2.051885472188401e13,6.744479455469817e12,1.312561348833977e14,5.78178269782453e14,6.501523625604529e13,3.635361944298638e14,1.0571543708580514e15,8.465117734373705e13,2.3131752237532416e14,3.424018710932662e13,3.3315349134681164e13,4.892518678157761e10,8.268465932984448e14,2.900569950289386e14,2.4546155288301144e14,4.130313057939047e13,2.83351485117053e14,3.630567735293992e13,4.519586414206525e11,1.1715916985029232e13,8.522119530680172e13,1.4310246682785647e14,2.3152530991267134e12,1.606062488146416e14
4.397145014214303e13,1.0272069803452961e14,1.351608118948206e14,1.0443306321649645e15,9.234767418516473e12,1.733831019871612e11,6.474432594454373e12,4.633921259037641e14,4.735515731946758e13,2.5465247676675906e14,4.522270540221322e13,3.550589182798855e13,3.6210393611876175e14,4.08067081855163e13,1.4201940166164256e14,8.058409946895271e14,2.295618509050343e14,9.611982569344326e14,9.017342936171608e13,3.355169562888689e14,1.5163910613975622e14,1.1369840541403664e14,1.2291069970336944e14,6.339623961254402e14,4.54899802399955e14,1.8198676734598647e14,3.5008491909748115e12,4.849182407532114e14,1.078279980410533e14,1.839377384251593e10,7.270923961072495e12,3.105522873897801e14,7.744255851137001e12,1.1493445729677906e14,0.0,1.3434723067581933e14,8.69672995236372e13,3.4094012012752194e14,8.981483039212498e13,8.78500010040508e12,4.1291284556280544e14,1.5379426612152293e13,1.5838599426639895e13,1.0697774534425349e15,4.644383833446625e13,1.6796191294719734e14,7.09394023940838e11,9.893372750674566e14,3.123423079978498e14,7.377123107892654e14,1.5020058791023232e15,7.770529258753273e12,5.680952609563291e14,2.4857268930755484e14,3.299256565037124e13,1.1088150039407344e14,1.2612843767050515e15,1.5714921461474348e13,7.774249391322224e12,2.682527165735366e13,1.439041320941228e13,2.5332349116890516e14,1.0284149673228094e14,1.869259810782916e14,3.489646688827696e14,4.4248798862944506e14,1.447867788338025e14,4.6863722636026856e14
3.8461084094416425e14,2.45458937865925e12,1.4224408794354074e9,4.975467876439198e14,8.471559461680461e13,1.6700056514245694e14,9.479347195538028e13,1.1434884111470997e14,2.5689104617591414e13,2.209028490944435e13,2.742741647631645e13,3.567491852190318e14,1.0860238541393952e15,3.135519239080795e13,1.2337801365716365e11,3.2679199590404044e14,1.4684143381197498e13,4.365061360710222e14,5.083250965523639e12,5.240650139996029e13,6.060933629794823e11,9.972788566523602e11,5.95685688931823e14,2.1386043199884344e14,1.0983303204909403e14,7.286606810977471e14,2.0991555457511372e14,1.2600987332237788e14,1.6869536289556306e12,1.5199825695220022e14,9.163524763875081e13,4.214131298413494e13,2.393143876112891e14,8.768955679506359e11,1.5561872415512562e14,0.0,5.943550778539419e12,5.472920750387136e13,5.175390129698833e12,8.620652960488544e13,8.826836433456934e13,6.812855695006748e13,2.8083017853211347e14,5.165141706426205e14,2.6420142238208438e13,2.1714935047772642e12,1.33824154077091e14,4.5700268392565044e14,4.285295038552263e13,2.8080981828550147e14,8.547698663030802e14,8.976768568633812e13,1.7364983054754103e14,2.0193964335768387e13,3.959915439031471e13,1.303459405935697e12,6.629660586373428e14,2.802688649801407e14,2.394936958660701e14,4.7616145754927945e13,2.7415005356547803e14,2.167047463998796e13,2.4345390256716514e12,5.017493302880896e12,5.822339415726319e13,1.0332318957948162e14,2.2620683984083643e11,1.1716226518162642e14
1.9509614478378266e14,5.021005871885866e11,4.054230379432073e12,4.0500212487591044e14,3.0284028079392344e13,7.272089318931292e13,3.523433579650565e13,1.1406340573682283e14,4.577258741217434e12,3.3703700947378004e13,5.183099560877955e12,1.789999167132639e14,6.160415337134046e14,6.612268211079962e12,5.146179550152349e12,2.7841017581346884e14,2.6004794642473605e13,3.600663399170747e14,2.223364295093102e10,6.194769850466498e13,6.84359661886122e12,1.3703503268261719e12,3.192553348567228e14,1.9256763896790097e14,1.1038831272978422e14,3.98873745384224e14,9.60594117838165e13,1.2349308403882522e14,8.583433458769601e11,6.471314517995801e13,3.3672734290630016e13,5.274600971131254e13,1.1234150989511605e14,1.4913728631191533e12,6.663727841412971e13,3.9316433267763643e12,0.0,6.399598432951703e13,1.7573487748158768e10,3.101018399143568e13,9.262379869321286e13,2.237619726691887e13,1.3564916378058734e14,4.1890750190102206e14,4.829866325228092e12,1.0120999323362002e13,5.5143985360517734e13,3.75188714090071e14,5.339280512571368e13,2.4373555544787888e14,6.636583821913149e14,3.275359271460584e13,1.613034273478932e14,3.178402000062528e13,9.829744030697332e12,1.1114875418932102e12,5.255294995986137e14,1.3533190088529558e14,1.1244143285435086e14,1.3173029281211537e13,1.3187700380029895e14,3.3281259822168457e13,5.095184167827652e11,1.4475480270575832e13,6.705730164252262e13,1.0506502843227739e14,5.615309029618783e12,1.1634619766056583e14
6.271487036205749e14,6.908838697268336e13,4.657145467236571e13,1.9105984748806784e14,2.369530628978751e14,3.5499419155237075e14,2.5238490188977066e14,9.33637241768918e12,1.336040196171543e14,6.257317807414522e12,1.3724395855527419e14,5.939912029006838e14,1.3998688859756408e15,1.4523092052829494e14,4.2688178218355945e13,9.804817419060753e13,1.0931648473038861e13,1.5655742588763462e14,8.009807009986094e13,2.164788317166328e10,3.766840705977408e13,6.060977361166573e13,8.696004928384952e14,4.488920048618643e13,8.167018932752051e12,1.0168239194829775e15,4.118016314886159e14,1.2594150604928252e13,6.502102022343208e13,3.3453992718997756e14,2.4758932325280903e14,7.06105758894446e11,4.4955767424244656e14,5.971496522673671e13,3.39509051019421e14,4.704996173625995e13,8.316961738915312e13,0.0,8.043602378557078e13,2.3926051857744228e14,3.4291427380723936e12,2.1060828110170188e14,5.0163385101190506e14,2.0200838926081275e14,1.3514335554614928e14,3.0172908615034254e13,3.092422686049749e14,1.680103129255616e14,6.236143516795618e11,7.530813185156767e13,4.1000283165961644e14,2.4473664215550797e14,2.8717839270197688e13,7.250669222133083e12,1.6113568976748706e14,6.2692595531478234e13,2.894823602641437e14,5.009381644119148e14,4.497855259754164e14,1.7575708501740884e14,4.9334057840598225e14,6.467207791283102e12,6.898959095183933e13,2.2871422867943734e13,4.647399653353484e10,6.581448798913006e12,4.119474656530099e13,1.0091921252354879e13
1.2001745692603769e14,2.00296995454937e11,2.135718686528867e12,2.412724751114519e14,1.9172562845655566e13,4.5273991152312555e13,2.2230117937501168e13,6.715657793708645e13,3.116122197123789e12,1.942696119698613e13,3.5037997120824062e12,1.1020663619590594e14,3.758614327473249e14,4.413709482041544e12,2.754069172076217e12,1.6540464161682988e14,1.4892448420355299e13,2.1433056369607466e14,1.6523291570873448e8,3.614614611709137e13,3.7231107193674863e12,6.504761291616292e11,1.9559133898227366e14,1.1403464171893466e14,6.496584096485022e13,2.4399038798437178e14,5.956626953901552e13,7.27796265147884e13,3.8047493322447766e11,4.036271374193984e13,2.1266153429884324e13,3.0688788681610184e13,6.952282869594947e13,7.154342263947406e11,4.154323272363265e13,2.0666274608574734e12,1.0608376644174423e10,3.736195400308836e13,0.0,1.962140961843349e13,5.438338537219269e13,1.4275261379865672e13,8.37603667217143e13,2.496117404735365e14,3.277932422222793e12,5.611062053501173e12,3.4487216392608727e13,2.233961871748818e14,3.1072126870287496e13,1.446448559666474e14,3.965102222276405e14,2.0698543112174785e13,9.535002157760728e13,1.8294979578120527e13,6.446200996845912e12,5.1283287329377997e11,3.135816937277692e14,8.356666728719275e13,6.958390224632644e13,8.54350151222425e12,8.145717140096102e13,1.9177792596990332e13,2.039401741882156e11,8.139919302783602e12,3.917967714295109e13,6.179344378687657e13,3.021074882705931e12,6.851758369418877e13
1.138797616410944e14,6.361105215844258e13,9.280694147015302e13,1.065693428129445e15,6.944109748385938e9,1.4134285621523152e13,2.176367707788552e11,4.262159227635912e14,1.898380402166289e13,2.0884798921597288e14,1.7495258830748025e13,9.847778848829461e13,5.98301957839988e14,1.450226193348335e13,9.915455973574814e13,7.995013111066609e14,1.8372606587918897e14,9.724897150957942e14,5.277730292778622e13,2.9157382431757156e14,1.0814269322834869e14,7.33196571674426e13,2.4419310075716794e14,6.104240617276564e14,4.1716438392866494e14,3.348927197777318e14,2.891653789924606e13,4.4921808997908375e14,6.810343532065086e13,9.894899242047059e12,8.850160947281921e10,2.6578713941739906e14,4.0851173464124086e13,7.442474703927042e13,1.086661001668798e13,9.205753482464903e13,5.006052349883286e13,2.972008884284198e14,5.2472321677147164e13,0.0,3.7262068018890694e14,1.1345440750270222e12,5.963993961744501e13,1.0943003211132071e15,1.8344429400938027e13,1.2359764385979031e14,5.568242230365934e12,1.0039927321687675e15,2.676294377529224e14,7.242226818959404e14,1.5845964363477018e15,3.8482797376234924e10,5.3880356306259375e14,2.0273284242797497e14,9.559410403272717e12,7.080990107208286e13,1.3106016900396938e15,5.937279781251396e13,4.092775071878292e13,6.070740075958393e12,5.648252754035436e13,2.0750982929104397e14,6.371678951645296e13,1.4183394914984494e14,3.0554279797289275e14,4.039598792121158e14,1.0173040697364842e14,4.318130548716339e14
4.216762779876922e14,6.0221499743156336e13,4.388297884522598e13,8.353719348036644e13,1.7337037015324647e14,2.496290823731206e14,1.834318109641545e14,8.447335687759532e11,1.0484208493582992e14,1.1047740689127986e13,1.073017238579138e14,4.0089777118313644e14,8.988592539621419e14,1.126834512371155e14,4.0991490436818766e13,3.77790372509754e13,1.551043773288809e13,6.625209330571375e13,6.801687216175831e13,2.3293699013116826e12,3.720978615676764e13,5.414152361853902e13,5.72617275256834e14,1.3702382775481254e13,5.899907348097876e11,6.636227694136829e14,2.858801295843992e14,1.6788946907296597e12,5.731408165257119e13,2.365155594538379e14,1.8030870721880744e14,4.224989647069874e12,3.098551916393455e14,5.349533915505162e13,2.3970460607366022e14,4.423743451018113e13,7.017449681299939e13,1.9990805866151243e12,6.8254610094139625e13,1.7487697379789556e14,0.0,1.5611021044683803e14,3.427927548295866e14,8.90766698006507e13,1.0588282447582122e14,3.144868725315116e13,2.202453685416968e14,7.195806607319025e13,4.0676324618171274e12,2.716481447724764e13,1.97299557399188e14,1.784494030139302e14,7.170395370367354e12,1.2039741747600742e13,1.2334315531504192e14,5.564211677252333e13,1.3402316670705278e14,3.423536482815374e14,3.0999962149165156e14,1.3308342124978025e14,3.375566430502245e14,1.1259933315494217e13,6.015106881911115e13,2.565796064068343e13,1.560723985441113e12,2.968943112342178e11,3.987191399328373e13,1.023448491322271e12
8.871821788022188e13,3.0757281196887047e13,4.7286449449528734e13,6.42314231890613e14,6.208560227097987e11,1.4992386159481979e13,1.510971541158196e12,2.4691480309067062e14,6.979420869170457e12,1.1541378134279694e14,6.259861594783562e12,7.777228945595234e13,4.196355867348769e14,4.846082598844489e12,5.093017037396749e13,4.768648469110576e14,1.004644216037636e14,5.842886013617778e14,2.4754988324146082e13,1.6509425340315094e14,5.6113296974809664e13,3.620479520436e13,1.7944706408454038e14,3.599835589342661e14,2.4138743231311894e14,2.4153137942515825e14,2.673285961059022e13,2.609753452376888e14,3.327084040447191e13,1.1419593735334713e13,1.1958922270689836e12,1.495459779036035e14,3.5810888805346266e13,3.682833672004923e13,1.2252394225402479e13,4.685725857933836e13,2.326514873361204e13,1.6849344683427603e14,2.4587402591872734e13,7.307181243965131e11,2.1423683392443528e14,0.0,4.9738508853350805e13,6.601416958653338e14,6.66915608508725e12,6.508174832055583e13,7.554655918695577e12,6.038910348691135e14,1.506551451132872e14,4.302522165803927e14,9.666939350075514e14,1.024658512858073e12,3.1590611734654656e14,1.117676860050412e14,2.6454453749712197e12,3.4791180523210863e13,7.951698907341394e14,4.954269520125967e13,3.5868424886938734e13,1.2600880153808667e12,4.7420641967216086e13,1.1461554697238152e14,3.0816291546033277e13,7.574047769638219e13,1.735365059757809e14,2.3332997700343462e14,5.241285565497487e13,2.5033432658726922e14
3.616397693684166e12,1.0249581234263862e14,1.2528931926587847e14,6.77743556709662e14,2.5342993771185152e13,6.532437251065555e12,2.1898475333272746e13,3.34692765709041e14,6.068941636436756e13,2.0450168033230778e14,5.895058842988215e13,2.0146615292476204e12,1.1651471323162356e14,5.529971230817486e13,1.3001070193810575e14,5.389626651756282e14,1.8829093060884772e14,6.295991852546449e14,9.342351486350577e13,2.5576409415743975e14,1.3658527984454692e14,1.1030475624218438e14,2.598311027918214e13,4.373988753847149e14,3.295123575098901e14,4.653235505906452e13,2.287640853502278e12,3.477912185014305e14,1.0614253644499266e14,8.713132838284063e12,2.2930551719615664e13,2.4007638989947103e14,7.37027245740793e11,1.111773514548206e14,8.148310024588123e12,1.2472726911711261e14,9.107656099983938e13,2.5915784391743503e14,9.316163567879216e13,2.4804795672653312e13,3.037836654720472e14,3.211905155891795e13,0.0,6.924374174353208e14,5.9948121458929445e13,1.4762727440031834e14,1.196218253418545e13,6.45920433572862e14,2.4120495287192062e14,4.98890990798408e14,9.395680373463221e14,2.356062744293285e13,3.980100115636522e14,2.005891145423228e14,4.8642167435229805e13,1.0831129776662e14,8.024546154693795e14,1.2469793957553148e8,7.304118274580521e11,4.3157374159024695e13,1.785644633535613e10,2.0364723647147047e14,1.0258235410522503e14,1.6029936041377206e14,2.6417076684739097e14,3.2192726872140825e14,1.3190755889665245e14,3.378886225476172e14
1.1986949196034428e15,3.946615136121376e14,3.442535808537874e14,1.1863083880873409e11,6.818131827808184e14,8.49871910006605e14,7.047254338962455e14,9.683360776821933e13,5.1663567336172575e14,2.1731104443406778e14,5.229251343799129e14,1.158066479537772e15,2.0733172008973452e15,5.365685990846382e14,3.348050113761976e14,1.4456473846072467e13,2.3874304733591566e14,2.249785677177001e12,4.173282347285856e14,1.6040338094990647e14,3.221407668329664e14,3.764200606687685e14,1.4855950906033872e15,4.390645946784003e13,1.0029648009758114e14,1.653151579610606e15,9.261567140875224e14,8.846073451403714e13,3.8600567170081694e14,8.217813176212019e14,6.97641882123414e14,1.7626262319015856e14,9.756440157083591e14,3.744486070509941e14,8.286390851754395e14,3.4539900561228825e14,4.234760416343885e14,1.571332642811837e14,4.1800814846206544e14,6.852612748739381e14,1.1885513794285927e14,6.418422776639946e14,1.042561618041367e15,0.0,5.1930117354034406e14,3.0206026657787606e14,7.865117153721746e14,1.2175120628270366e12,1.750794409468538e14,2.3830026167964363e13,2.8335705580767027e13,6.934127657691338e14,6.0979507984357336e13,2.223123629072177e14,5.631520858736532e14,3.809729802322221e14,6.103680680231443e12,1.0416769528423062e15,9.759400435816044e14,5.869832813411882e14,1.0319998927468229e15,2.183943005706863e14,3.944532100461977e14,2.8066896093204956e14,1.524027075542661e14,1.055277206045361e14,3.31093783934108e14,9.474075375152855e13
1.577820561292409e14,9.620163611731955e12,2.0198494222004504e13,5.67526193284442e14,1.2443796974020611e13,4.5635989143419766e13,1.5915509192516385e13,1.8887965286176444e14,3.8635794858052692e9,7.295101642081566e13,7.098576299075351e9,1.4239581507670334e14,5.82889764363505e14,1.5908852259564505e11,2.2718775579495145e13,4.061276433484633e14,6.06479934697679e13,5.1059314806469044e14,6.272775755100861e12,1.154582653072613e14,2.6391726163553367e13,1.2922042496742654e13,2.7966936465302797e14,2.942960337086693e14,1.8382551610616012e14,3.598175116606449e14,6.5842957097110875e13,2.017857539561909e14,1.1116633877638832e13,3.893454384874189e13,1.4802888629207941e13,1.0193403598219375e14,8.039190648947305e13,1.3313182980188223e13,4.0531722013166836e13,1.990531113706013e13,5.500989235798651e12,1.1843727372272944e14,6.184644090540185e12,1.2942520093554855e13,1.591748623562963e14,7.305618921075272e12,1.0169316402238775e14,5.850786909545049e14,0.0,3.2954630128074684e13,3.113226549523766e13,5.2979111237690106e14,1.028929442530914e14,3.612603192181771e14,8.903425760973475e14,1.4155248603963127e13,2.5279862162614197e14,6.9924774893050234e13,1.0011321013293605e12,1.20447526307786e13,7.188171972082592e14,1.0140004074315686e14,8.048212162685475e13,2.334817175544578e12,9.821325791937027e13,7.228716360286522e13,9.654719321970574e12,4.103457573747705e13,1.228706472436825e14,1.7647866715829072e14,2.375943861086392e13,1.9201200999555712e14
3.3949793549589056e14,7.058658763890942e12,1.5744337912060596e12,3.3140150261742344e14,8.706465728980125e13,1.5826974586954956e14,9.595798455949005e13,6.49126333930961e13,3.268228825003287e13,7.949335834660414e12,3.4389346316997023e13,3.1659306318237375e14,9.051520105987101e14,3.820446217017112e13,9.619224651157653e11,2.105234258326233e14,4.2473440484550674e12,2.879688482330701e14,1.0614159823308623e13,2.5385176678258652e13,3.6893859841283057e11,4.667305955389751e12,5.1147406857543294e14,1.320571205721712e14,6.1944198483144875e13,6.188408126443326e14,1.9456464172259603e14,7.262007472899355e13,5.869567094581223e12,1.454763547984826e14,9.317813920827289e13,1.922885245376876e13,2.192231842357924e14,4.435364880115958e12,1.4856958002181856e14,1.658228924819259e12,1.168372193776402e13,2.6801741490868477e13,1.0730301394394178e13,8.838467408842555e13,4.7918544655645414e13,7.22599200340696e13,2.538253043982321e14,3.449377379995165e14,3.3401700252972574e13,0.0,1.2988635945844606e14,3.0252944432649075e14,1.964944152712185e13,1.7838060437093153e14,5.885915263872865e14,9.153133538775411e13,1.0460600214921344e14,6.965445912346053e12,4.605998084364532e13,5.223068913446898e12,4.4997414071115306e14,2.5335895477420703e14,2.1937315100073688e14,5.354962637588137e13,2.4827285833598253e14,7.729747989610974e12,7.028916907045874e12,4.4850912172989105e11,2.89467502734425e13,5.7682716773846516e13,7.605635537173287e11,6.67667988455205e13
6.820631227088706e13,1.0546128166675725e14,1.420110735949861e14,1.209743673646489e15,5.892556728234185e12,1.934650004593015e12,3.5386110085919263e12,5.224862198436503e14,4.454101245905382e13,2.790250581510312e14,4.225922997758064e13,5.6484746353128336e13,4.822203081410745e14,3.755911813344595e13,1.4978762204925734e14,9.265776321623794e14,2.5004307390542903e14,1.1109216752303329e15,9.145315368374261e13,3.7292489043307206e14,1.607187115953306e14,1.1778165337827486e14,1.7377392340423175e14,7.232770418311049e14,5.125228865253892e14,2.508636172534707e14,8.990684715533902e12,5.4775744256953644e14,1.1118637985994781e14,6.09789342462869e11,4.198666305131908e12,3.43866515915845e14,1.604851908644069e13,1.1917223288268047e14,8.663256179079404e11,1.4108960139507612e14,8.78881888674394e13,3.792444511303305e14,9.105410691980056e13,5.497426614997544e12,4.6332147520718894e14,1.1580505107899818e13,2.839574629320315e13,1.2400147573024008e15,4.3564968681158016e13,1.79323865636285e14,0.0,1.1443587644175572e15,3.459481948394007e14,8.459006328459989e14,1.755418183407722e15,4.621383171148849e12,6.456033627649552e14,2.7199455106082275e14,2.9341346227390805e13,1.1461502578309964e14,1.4681120213210398e15,2.8212680987763855e13,1.6096223071225531e13,2.2971206463753133e13,2.624393695452931e13,2.774878485621537e14,1.0559654751962069e14,2.0101829904005122e14,3.8859977231712925e14,4.9796805035025044e14,1.529294949510891e14,5.286417218793737e14
7.547732817687526e14,2.3649952243885012e14,2.045805551660082e14,3.8699231051611505e11,4.2014907759118856e14,5.2854263759327744e14,4.34896473269548e14,5.128199901484289e13,3.1419655277706344e14,1.2495279709743022e14,3.182173227238014e14,7.28356429087958e14,1.326168434622247e15,3.269435963856804e14,1.986131137589572e14,4.892922117693979e12,1.3829846789379147e14,1.056255788005482e11,2.508930785689391e14,8.980057623203564e13,1.9062326074010594e14,2.249336025792101e14,9.416996331845078e14,2.0490704464868027e13,5.334979488193427e13,1.0511278250921346e15,5.778927893075675e14,4.630207650708455e13,2.3100929041876122e14,5.103916252314108e14,4.303360334504051e14,9.954847865990505e13,6.0994869040355e14,2.236846003071873e14,5.148217175205461e14,2.053043284855319e14,2.5480091680576072e14,8.779609116291498e13,2.513251838933149e14,4.223677454316358e14,6.4502119308594234e13,3.9444844772786344e14,6.533422460025719e14,8.1792557127932e11,3.1590042095353394e14,1.779758407356319e14,4.87619489687824e14,0.0,9.881978866133525e13,9.589775577920277e12,2.774564039760646e13,4.276137791549546e14,3.020692565565643e13,1.2806262736704095e14,3.439619873328652e14,2.2781882787628325e14,8.58109743399919e12,6.527682413095155e14,6.101405374099896e14,3.592351099360056e14,6.464899595328764e14,1.2562612588612733e14,2.3636735747674122e14,1.6453425908878725e14,8.489997761405994e13,5.648186454967827e13,1.96270675560315e14,5.0034532477385086e13
2.664955546531429e14,2.563573564709782e13,1.6498800548712445e13,9.673362917388302e13,9.662052046607255e13,1.4763234964480403e14,1.0325896887523084e14,6.69880386886726e12,5.2541598483998164e13,1.3275209480590063e12,5.4078779690178445e13,2.5195353973378378e14,6.077271021764028e14,5.745683866849804e13,1.4947481461042664e13,5.178897717663141e13,2.869344715708357e12,8.016468454558634e13,3.0167336875977246e13,1.870588027059358e11,1.2956723476794566e13,2.217135237960958e13,3.731580243555544e14,2.541390122957331e13,6.02752508127702e12,4.3814185948543194e14,1.7233051254795384e14,8.527716650819021e12,2.3970726040602312e13,1.3875962096852256e14,1.0119482770146467e14,1.160368475140999e9,1.8878498929276862e14,2.180722979965233e13,1.4091406273303897e14,1.6690568040429459e13,3.1437282142157715e13,2.8253117506886743e11,3.0306952500062656e13,9.7612422820411e13,3.16116554905561e12,8.531525073195892e13,2.1152367009551156e14,1.0197335278040453e14,5.319149112493e13,1.0022005788400025e13,1.2780297357098125e14,8.567516609944445e13,0.0,4.0610743076998336e13,2.005248623196875e14,9.996745891494984e13,1.7127820470727162e13,1.640719306773965e12,6.420264926252354e13,2.302007531561223e13,1.4360821524395728e14,2.112196030618964e14,1.8888437424274347e14,7.042378370655905e13,2.0789939635699028e14,1.3928404431737146e12,2.5595229713663434e13,7.222489407015544e12,4.578428695047221e11,5.099973842821102e12,1.43533824794564e13,7.127854775536222e12
6.740326038479486e14,1.7110633961674375e14,1.424545299588912e14,1.5687466904928527e13,3.43463238151889e14,4.489068336763443e14,3.5768622082233394e14,1.8738572166283508e13,2.4275173438071497e14,7.408407590566228e13,2.4651836217786188e14,6.474747813597429e14,1.2593546352621548e15,2.5471015542584803e14,1.3716184655081827e14,8.879208506765497e11,8.513506987423644e13,8.714555904992636e12,1.8419427503215984e14,4.6166393176338164e13,1.3011061247252425e14,1.6066168194712916e14,8.634900979088874e14,2.3193755377993936e12,2.0079860201572207e13,9.754364219486459e14,4.9751433345468775e14,1.5594827231456617e13,1.66140004746613e14,4.3111507810545994e14,3.532833483019396e14,5.370345045384961e13,5.292555686471942e14,1.595378387088209e14,4.354529577518615e14,1.430979362950783e14,1.877637864306722e14,4.4639861789716664e13,1.8458864115957497e14,3.456002322805556e14,2.762122729347764e13,3.187839975424669e14,5.724124957572386e14,1.815962012335142e13,2.4434728872926078e14,1.1903721606381716e14,4.088649971540942e14,1.0878027960057822e13,5.3133892002833305e13,0.0,7.935700780546605e13,3.5065709649982706e14,6.530217708975021e12,7.664041551201838e13,2.707504774548525e14,1.6326088081223572e14,4.119197029130923e13,5.718402832671829e14,5.294459028563491e14,2.8521394856704144e14,5.655838792879546e14,7.46365488583609e13,1.7098661324753197e14,1.0739870807443555e14,4.2449535639820984e13,2.214786330067963e13,1.3509032813598223e14,1.7939210007667785e13
2.491811632232483e15,9.908619829183261e14,8.90329168404887e14,5.016209301014104e13,1.5431278470580608e15,1.8561358129269928e15,1.5861428336330662e15,3.5907465440926244e14,1.2289512641686958e15,6.287020922891204e14,1.2410664779406102e15,2.418525145227072e15,4.0390777055081175e15,1.2673005656615505e15,8.713110689448052e14,1.3004022623540989e14,6.739729696954511e14,7.270124951090252e13,1.0356118395697106e15,5.053100917313848e14,8.457249606290605e14,9.54651868955021e14,3.0050429069272435e15,2.2298233493948334e14,3.6738207955716625e14,3.301880077904804e15,1.9965512588750398e15,3.38766127011997e14,9.737025111357365e14,1.8041907829281928e15,1.5728570463514928e15,5.4024078594108644e14,2.087174895615059e15,9.507273420461181e14,1.8168847220865305e15,8.926306849769601e14,1.0477050996087591e15,4.9804587762434706e14,1.0369501867238242e15,1.549608910018055e15,4.1111551412818875e14,1.4677899725272818e15,2.209190695556145e15,4.425046085534216e13,1.234087437841147e15,8.049161894263598e14,1.738772254962007e15,6.4496776095740695e13,5.376509853062995e14,1.6262481321956262e14,0.0,1.5649196039055362e15,2.6930842905249156e14,6.393166535733524e14,1.3182393892972382e15,9.637068358443141e14,1.2707359451185234e13,2.2075813488792102e15,2.0877159655730238e15,1.3637169101149078e15,2.189970893041735e15,6.310038591992494e14,9.904495105165448e14,7.61091048601526e14,4.874973251082748e14,3.798384853680419e14,8.638246738499041e14,3.5402871384445356e14
5.855650908348287e13,3.563545119409362e13,5.1562523748229805e13,5.755465396087351e14,4.168818704481823e10,6.775957844990469e12,3.900153407606285e10,2.3178661403813294e14,1.1063175822438496e13,1.1449479570731392e14,1.0232341969447451e13,5.049405279422996e13,3.1417420536551625e14,8.556756020788773e12,5.50176698604278e13,4.3258229915347744e14,1.0090105486197928e14,5.255040670808889e14,2.9705354878884082e13,1.591895604315502e14,5.990649343541467e13,4.09392077417516e13,1.2705879788670419e14,3.309369092371671e14,2.2691025336243494e14,1.7489956278779894e14,1.4325559959338953e13,2.4417647703089503e14,3.8090702080617305e13,4.642212475523943e12,5.478361283190218e9,1.452671377135336e14,2.048198331899817e13,4.1542382068415336e13,5.129170775980418e12,5.115445429684733e13,2.8215921395201695e13,1.6222669084064397e14,2.9538205185073086e13,2.0535764850158024e10,2.029054316508977e14,8.489749845546459e11,3.0229616784471016e13,5.909033038045362e14,1.0706489847911098e13,6.8304178777960945e13,2.4978991844075615e12,5.424200861889109e14,1.4626206163996494e14,3.92125402703587e14,8.539507999537531e14,0.0,2.924047861195309e14,1.1118691420549856e14,5.7690971531359e12,3.956896398605432e13,7.069829170215752e14,3.0090685836410926e13,2.0521593980132355e13,3.775950589494839e12,2.858809304275759e13,1.1377099798084414e14,3.569326360644148e13,7.820151791350612e13,1.6672852910090612e14,2.197956464507193e14,5.641913784036622e13,2.3480172770352e14
1.0065137678448364e15,2.0352169698253628e14,1.6163854620129056e14,7.800524328924775e13,4.689726781931525e14,6.377604995805592e14,4.9153573057731794e14,5.777523697537964e12,3.116726421992247e14,6.7283025437406336e13,3.174618380520832e14,9.625743157276249e14,1.992388921888555e15,3.3008182812445056e14,1.5401673048607022e14,2.247554515111528e13,8.176696558338555e13,5.572416482019677e13,2.229552102756834e14,3.301398253606553e13,1.4392652937139194e14,1.881411179816664e14,1.3224309647087382e15,1.9584020076924253e12,6.812134026082492e12,1.5107505863197598e15,7.16565070534051e14,3.5679193360751274e12,1.961934397842198e14,6.090568968839758e14,4.8454340048815494e14,4.18496480022094e13,7.683002869424846e14,1.8649345474801388e14,6.160477771493394e14,1.6256777455177262e14,2.2828404385525734e14,3.1273158221497824e13,2.2354336789027744e14,4.723581108138043e14,1.3394248312146025e13,4.3000197116692206e14,8.389507286912321e14,8.536997822824012e13,3.141238989838427e14,1.2824213791217164e14,5.732781388255232e14,6.29487728554906e13,4.116914136962516e13,1.1996834700926252e13,2.4142788764499056e14,4.8037582826276275e14,0.0,7.059686021995317e13,3.549035807595979e14,1.91957347594846e14,1.4793307367623994e14,8.38011810983498e14,7.68611117721641e14,3.7740190509917025e14,8.277496445846646e14,6.799721145219825e13,2.0334472147145675e14,1.1199745059041305e14,2.880765027410085e13,8.497825398749247e12,1.5104462503221744e14,5.185360783852418e12
7.542576499878984e14,4.7677142342529766e13,2.5774886535329047e13,4.118324653595658e14,2.4355797152947822e14,3.937536047555201e14,2.6284722238999884e14,4.989162885517788e13,1.1868955961755147e14,5.522417701162582e10,1.2291385124397606e14,7.096485800678992e14,1.8204051428312758e15,1.3224085574947042e14,2.2275348892284074e13,2.3951176175574322e14,5.684903910580072e11,3.490827795170061e14,5.911454942073537e13,9.784245138879107e12,1.791726834850664e13,3.915808163725926e13,1.0841885361311442e15,1.3320843064521881e14,4.651798728162615e13,1.2869799305806988e15,4.677247947967416e14,5.882174509133615e13,4.3555449357264836e13,3.6734851068892906e14,2.5683944832368744e14,5.181170895909641e12,5.1733488022337656e14,3.827603294079367e13,3.737510036521455e14,2.621304117997549e13,6.237011075585799e13,1.094797514249101e13,5.947146696028001e13,2.4643407332439425e14,3.1183735813101297e13,2.109426503224485e14,5.862536350121146e14,4.3153954327559075e14,1.2047393139918903e14,1.18401934293158e13,3.3488487174568294e14,3.7003165433834725e14,5.468141243017742e12,1.9522372420883403e14,7.946744201193174e14,2.5327135556517966e14,9.788612003049642e13,0.0,1.510293599042525e14,4.1224435486373945e13,5.863970795703254e14,5.853295322717634e14,5.1763523280315825e14,1.6852511494913916e14,5.752431680320704e14,3.380871268418656e10,4.75763110276484e13,6.593621281368239e12,1.2771138752843572e13,4.1746495223796234e13,2.0957994499612688e13,5.201824794419658e13
2.9148344546621694e14,3.670204815249525e13,6.585149499296024e13,1.3439318945038538e15,1.3927392475388613e13,7.223164543454314e13,1.9483475303309566e13,4.7411237240180725e14,2.4631807151969272e12,1.985671431175203e14,1.8312312045681616e12,2.6066764475941094e14,1.1680941200699652e15,7.896335034676792e11,7.253601030064442e13,9.759032140759606e14,1.6844582361681284e14,1.2144079117695772e15,2.679542488393292e13,3.008947953699141e14,8.216534841969236e13,4.605550098315572e13,5.391539216061499e14,7.189157782639078e14,4.622813395700531e14,7.041564371121156e14,1.1037205073150019e14,5.042760090235767e14,4.0980687852540336e13,5.986649085727889e13,1.7676484230292516e13,2.6856629726861616e14,1.3838571400452364e14,4.714425616298512e13,6.279696790317286e13,6.506918473601514e13,2.4417631053430902e13,3.0799316646894956e14,2.6526148324818395e13,1.470961756796845e13,4.044079213998362e14,6.32034180482263e12,1.7996362566075512e14,1.3838095023498332e15,2.1834689564610056e12,9.91122315891471e13,4.573082010782833e13,1.258115601045818e15,2.7086445247142494e14,8.73046956041662e14,2.0742501445871235e15,1.6635424159347639e13,6.229307043416938e14,1.9118552603983688e14,0.0,4.360019954503814e13,1.686938398590104e15,1.793878012233616e14,1.3856052228187781e14,6.067502119533025e11,1.7313355444825275e14,1.9694928024778572e14,3.680170487456828e13,1.196378849033311e14,3.185431653510344e14,4.450633103394602e14,7.527681340577984e13,4.814393681491676e14
1.3072102524146898e14,6.922173406986377e10,5.330254796743033e11,2.1067448541626728e14,2.490870653268209e13,5.318611052892295e13,2.830494057176861e13,5.367402132714685e13,5.908638195832588e12,1.307683084958883e13,6.427162505532008e12,1.2067777357542705e14,3.878243365041515e14,7.615130889567882e12,8.540976594959775e11,1.4154221313182203e14,9.479307540397537e12,1.860475877862263e14,4.746187284593326e11,2.6915637539823992e13,1.4129242464613743e12,7.841777198494702e9,2.0740832964568272e14,9.524562508275708e13,5.175696915692546e13,2.5610017366070712e14,6.826108836638014e13,5.860797994594196e13,9.461803892863426e9,4.795712692436706e13,2.723783769911136e13,2.2327923576110684e13,7.866795443687436e13,1.614537832464924e10,4.9216757016585016e13,4.994802017487954e11,6.438685798722202e11,2.7944536037300824e13,4.9212737276205585e11,2.5409468276985082e13,4.254412124609465e13,1.938394850190787e13,9.34494802056559e13,2.1831124251799675e14,6.126110614340548e12,2.6209610828953804e12,4.165832701926437e13,1.9432605136111588e14,2.26483787335824e13,1.227670503026098e14,3.5362511280121025e14,2.660798703547958e13,7.85715664838614e13,1.216969406367377e13,1.0167631352287889e13,0.0,2.7707447431305644e14,9.324904842401628e13,7.873159465674438e13,1.270801741532687e13,9.106512808864445e13,1.2876696800166338e13,6.714889551788665e10,4.3821033314244116e12,2.9486932894494277e13,4.89865215632298e13,1.0023141006674734e12,5.486651784346426e13
2.1040678684626815e15,7.629887992600468e14,6.759878764772966e14,1.2118142240319953e13,1.2493114829238198e15,1.5292960794943972e15,1.2876381566204562e15,2.317749618146524e14,9.71156925942402e14,4.530503874347948e14,9.818174392790536e14,2.037464535686016e15,3.524045246042917e15,1.0049215116137228e15,6.596011504712201e14,6.01720982632621e13,4.911892791006752e14,2.4108517655924164e13,8.019027464406409e14,3.503335753606815e14,6.375940544164981e14,7.31582626817667e14,2.572443504397099e15,1.26547990504223e14,2.383884632286654e14,2.8446670034289705e15,1.6556295590605285e15,2.156832821547109e14,7.480964492769794e14,1.4826670961922432e15,1.2757948658639662e15,3.7920603086719956e14,1.7373723704745225e15,7.281833442556729e14,1.4940563652423012e15,6.779725789047104e14,8.124371959370935e14,3.443521698838202e14,8.030682073372182e14,1.2550828032195882e15,2.734738820335337e14,1.1823146611769965e15,1.847666887873614e15,9.334128968490418e12,9.756756668716584e14,6.02590719372516e14,1.4240312807295428e15,1.9533690943427715e13,3.7705936299083125e14,8.266321984346152e13,1.2443814840994145e13,1.268721579394238e15,1.6159429281745694e14,4.6197322768304994e14,1.0498581031239739e15,7.394291780483736e14,0.0,1.8462104650967682e15,1.73786087877748e15,1.0900570591784608e15,1.8302762543020365e15,4.54984256243149e14,7.6263062800114e14,5.651422562709575e14,3.3568122031960644e14,2.483368306392075e14,6.531572735398182e14,2.2776651665981972e14
4.478747303488415e12,1.2518215132335216e14,1.530530379038131e14,8.288722850268842e14,3.088331752139567e13,7.926233345429923e12,2.667679015470871e13,4.091766668990119e14,7.407333352143316e13,2.499270314012103e14,7.194801523392388e13,2.5049768805226743e12,1.4291366385372572e14,6.7485807739684695e13,1.588264771703871e14,6.59076245257251e14,2.30100273385164e14,7.699674918064895e14,1.1408984755951664e14,3.126279094685119e14,1.668662256712287e14,1.3473024532481116e14,3.1943812796560992e13,5.3482123107179875e14,4.0283953637808525e14,5.7143999835630984e13,2.758964375620467e12,4.251999774238011e14,1.2964099945104911e14,1.0584663588770676e13,2.7937110900761387e13,2.934391846727248e14,8.788328435015748e11,1.3579720155600023e14,9.895958331900121e12,1.5236575432293247e14,1.1122042708602098e14,3.167790968612408e14,1.137696681029642e14,3.0226011774060742e13,3.713664087041446e14,3.916015971485678e13,1.5263500712857118e8,8.468504543242494e14,7.316726508600906e13,1.803693824533655e14,1.4547768109484428e13,7.899364847044152e14,2.9481959413962894e14,6.100510447334761e14,1.1492291118549532e15,2.8706561170829293e13,4.866341181749046e14,2.4514166026140222e14,5.934934969328977e13,1.3229278276480827e14,9.814606356065019e14,0.0,8.70840885135233e11,5.2646825377387305e13,1.835658272866453e10,2.4888197726062616e14,1.2528796490593433e14,1.9586653404583125e14,3.229108687141978e14,3.93560844782382e14,1.6114603636830644e14,4.1308613479414775e14
1.1962466855899145e13,1.3528870592748853e14,1.6830077698445175e14,9.982343679212464e14,2.7505362263221418e13,4.557032360950348e12,2.303611581443095e13,4.78907419019172e14,7.574269165868631e13,2.846631927903008e14,7.330734110226753e13,8.142395182146268e12,2.1366110560823162e14,6.820890933449114e13,1.751725242804311e14,7.872991837496755e14,2.606952837851351e14,9.249624516921746e14,1.2223762519229848e14,3.6082472201897544e14,1.847582534171479e14,1.4656546779969638e14,5.5781044197935836e13,6.335747184705792e14,4.7113307646853494e14,9.277732994915328e13,6.814258689218049e11,4.985775338505732e14,1.4055021739174175e14,6.925057730803449e12,2.436781259955212e13,3.374643539040377e14,2.347939494174139e7,1.4782783990200916e14,6.297517572629134e12,1.674834406184948e14,1.1887102957988389e14,3.6588377280840656e14,1.2186176542322836e14,2.6802572957252312e13,4.325677103286193e14,3.6470557948955375e13,1.1500797254923215e12,1.0206153217878804e15,7.470391896681288e13,2.0089785955187047e14,1.0676804005051615e13,9.497915752712432e14,3.3914344718521925e14,7.265713982664062e14,1.39806251563365e15,2.5184042955733883e13,5.741486570869019e14,2.7887256549958578e14,5.896955442204745e13,1.4368322515121106e14,1.188425496793814e15,1.120221973333485e12,0.0,5.142331590300084e13,8.185528742067676e11,2.8339830520252175e14,1.3541347069753008e14,2.1947626487452397e14,3.733599072491848e14,4.597554480482583e14,1.7793618997534503e14,4.837049807555841e14
1.8870635548739422e14,3.3226604342969703e13,5.6222766095566234e13,9.96262278394458e14,6.198135820105396e12,4.2361003931908375e13,9.392018969834674e12,3.6153066422691475e14,3.919909279510725e12,1.5717197330823453e14,3.2313082177142935e12,1.6783038839649816e14,7.928420743926031e14,1.9764888984454485e12,6.141901673147649e13,7.28673670425983e14,1.3453027546732544e14,9.021937708514365e14,2.520877671001454e13,2.33508450390063e14,6.886981629953514e13,4.068117554972392e13,3.5793870244248044e14,5.411107327944976e14,3.528186943246378e14,4.7154675883039656e14,6.724812163762924e13,3.837254684328913e14,3.664801188018728e13,3.4415423129807035e13,8.339816443459731e12,2.0946889633933847e14,8.576669714568767e13,4.154334371925771e13,3.629115359572988e13,5.561318292613025e13,2.325846426303468e13,2.3877906041722572e14,2.4988507116706613e13,6.639662017692407e12,3.1014345182734144e14,2.1398173664468333e12,1.1349086033242611e14,1.0252042613621508e15,3.61944993237808e12,8.190190555675797e13,2.5447599347852605e13,9.339485103780475e14,2.11179850688094e14,6.536920331016815e14,1.5251941473137512e15,7.739027471238403e12,4.70833661405485e14,1.5163250866504222e14,4.312647840750329e11,3.873294740907828e13,1.2449500029823628e15,1.131053608948664e14,8.588272238036473e13,0.0,1.0892080655641628e14,1.5595833542923094e14,3.33065395151858e13,9.757890957463816e13,2.466077953632939e14,3.4013291540868475e14,6.354363987665264e13,3.669241232325738e14
5.608465708989726e12,1.3512874878763511e14,1.6560170032966106e14,9.081928496468466e14,3.2514195556399684e13,7.943560709906471e12,2.7979012476492785e13,4.465408889667146e14,7.93720000743598e13,2.717220523796685e14,7.705849750588211e13,3.265384155555651e12,1.6167769814411222e14,7.220302364619361e13,1.7191831488784397e14,7.213187696437632e14,2.4998384091763878e14,8.433515263882754e14,1.2301175760722995e14,3.40513288321153e14,1.8071652212405388e14,1.455641946022952e14,3.704678486541742e13,5.84645586306737e14,4.395786286805337e14,6.549198845850151e13,2.574110898581772e12,4.6414643102501556e14,1.400014050273644e14,1.07527129272129e13,2.9336886008542188e13,3.194541783314795e14,7.113915149747222e11,1.4673058864855494e14,1.0023204641220574e13,1.648498423356881e14,1.198784551625733e14,3.450697781133546e14,1.2266210787510825e14,3.180498133548897e13,4.050065122919708e14,4.145910704544913e13,2.4175618646999382e10,9.279851173356356e14,7.838563839664317e13,1.9549852883526566e14,1.4968169316029533e13,8.653317329819945e14,3.2096896358655194e14,6.673845389677731e14,1.2610024634746032e15,3.0166294083956574e13,5.316662683150138e14,2.6647461633757662e14,6.335661894168291e13,1.4289977194767725e14,1.0762074948211599e15,2.030390279594428e10,7.038322310185651e11,5.6077357015873805e13,0.0,2.705760526102921e14,1.3524437041038205e14,2.1247030300960044e14,3.518006450187675e14,4.2938530932387825e14,1.7445645757788562e14,4.508361903691098e14
5.199879897931351e14,3.4183396538818938e13,1.882678420140672e13,2.7510123532727106e14,1.6961092542619162e14,2.7284356932098156e14,1.8288436859237816e14,3.219549830585248e13,8.348866313500195e13,1.7781762325620213e9,8.641037389073227e13,4.894357653939711e14,1.2490532077627498e15,9.285850726632467e13,1.6356810337345445e13,1.590827576062159e14,5.98340808843511e11,2.3281759693441016e14,4.2159917899760484e13,5.896369639905265e12,1.3270385102836379e13,2.8226272651635184e13,7.457949148334728e14,8.775267266214967e13,2.996131742219021e13,8.844840214866199e14,3.236097528927029e14,3.811870639870292e13,3.1303204051205316e13,2.547117932121925e14,1.7875087567761953e14,2.978140448458356e12,3.576374198712651e14,2.760851506939256e13,2.5910878369126866e14,1.913559465772225e13,4.442681322315283e13,6.642785656525585e12,4.240851391839047e13,1.715904185867362e14,1.983921591688824e13,1.471530894495798e14,4.048875499911988e14,2.8838721150626875e14,8.472291788508644e13,8.938258747468178e12,2.3241117660607194e14,2.4693016757804397e14,3.1577992589492446e12,1.2933140837863612e14,5.335596094465884e14,1.7629568375425025e14,6.41363950069763e13,2.299886209475331e10,1.0583723464072836e14,2.9672711967670883e13,3.928701876126639e14,4.042541400965415e14,3.578433905094105e14,1.1791216608342872e14,3.9734037278315806e14,0.0,3.4112977069460684e13,5.150772574265521e12,7.816750715144042e12,2.680531401005166e13,1.5425216454726553e13,3.3604895512783668e13
3.529875046300131e14,4.453810834109414e7,2.7663663256291797e12,6.170334501457904e14,6.329460698020733e13,1.3986221225262411e14,7.24131981760692e13,1.6266046577618572e14,1.333218821657739e13,4.245628209128357e13,1.4645076255629672e13,3.2525154017942206e14,1.0677179703349812e15,1.7674740922720633e13,3.9584031531449688e12,4.1776123093742875e14,3.1498790842186867e13,5.4613153493400406e14,5.222142951803332e11,8.388160318790002e13,5.925722013580983e12,3.4174179542085095e11,5.654338772010798e14,2.8374844608796e14,1.5704751766275116e14,7.00739625426096e14,1.8105932438900375e14,1.7709130110827475e14,7.406303970848518e10,1.2561868397655895e14,6.9544838309669164e13,7.02340731941486e13,2.0958956555213853e14,4.2163921233330334e11,1.2904727957694175e14,2.6373275649656226e12,8.344092017592483e11,8.693422526643047e13,5.532622218920842e11,6.4637126245090695e13,1.3001870263383139e14,4.853779257438203e13,2.5020867146972128e14,6.390046021974922e14,1.3882036021855857e13,9.97125426695508e12,1.085017025086711e14,5.699745679632846e14,7.118950537231025e13,3.634865634511816e14,1.0274414117942328e15,6.7853173636150086e13,2.3529903162300606e14,3.9704732381911695e13,2.426195641092175e13,1.8983025837622284e11,8.078686255308108e14,2.4965724681262622e14,2.0976422154673434e14,3.089251975087074e13,2.4364995122075144e14,4.184980284095713e13,0.0,1.564508288109448e13,9.15054619528497e13,1.4892946350269666e14,4.490200855683782e12,1.661502440084831e14
3.32944800098626e14,1.0104284943008455e13,3.3818030546126206e12,2.8075201841517794e14,9.132145352076486e13,1.6031428291574544e14,1.0001074859725902e14,4.982831866728846e13,3.72441055891305e13,4.2198799075263975e12,3.898312018784305e13,3.112565901751893e14,8.637122086519704e14,4.285413108038279e13,2.487412535736052e12,1.7489574560200847e14,1.7672750586644644e12,2.4260326926476234e14,1.4086060077884797e13,1.7426964446309422e13,1.489300637480331e12,7.313568412585342e12,4.951034772292191e14,1.0693800061917038e14,4.734574310739618e13,5.959064604467188e14,1.951289018081335e14,5.629749278747931e13,8.732202113212657e12,1.4799749499787078e14,9.729762224805973e13,1.2604551315228951e13,2.1869376306666275e14,7.035290224671721e12,1.509779649260972e14,3.498626393534351e12,1.5258632506771768e13,1.8550850912323266e13,1.4213851158545715e13,9.2612963909227e13,3.569834212804529e13,7.678760468305861e13,2.5166621564776062e14,2.92661983386136e14,3.797754571760934e13,4.09539782259031e11,1.3294924052154202e14,2.553805108342232e14,1.2930260982438273e13,1.469564802671745e14,5.081884286876165e14,9.568911153120275e13,8.341781439110395e13,3.5419215737793267e12,5.0767998239081555e13,7.973933558687059e12,3.853432125112784e14,2.5122247716481228e14,2.1883689257368634e14,5.8256342421869945e13,2.4638190161505853e14,4.0673317973511987e12,1.0070274329105344e13,0.0,2.026099220568236e13,4.379153443494915e13,2.1706369868376653e12,5.138164076719319e13
7.785852667426686e14,8.874340801095898e13,6.048174470321346e13,2.2594694774939175e14,2.973259400415208e14,4.431937021392925e14,3.1641803454591606e14,9.842782684159693e12,1.691845269323307e14,9.009134156123623e12,1.7370887999662456e14,7.377678785472605e14,1.7280973607528112e15,1.8363273245810225e14,5.558975917537831e13,1.145014030958772e14,1.5137016895356021e13,1.8453068335770522e14,1.025148606148365e14,1.6055016104634473e11,4.925534784452428e13,7.811924508420561e13,1.076804861230213e15,5.131272131994262e13,8.519791023537986e12,1.2577336221316268e15,5.1328343105779406e14,1.3558921699569459e13,8.364903636524466e13,4.179421442210189e14,3.1048587123509194e14,1.3605642946410403e12,5.598384188005929e14,7.699689973567347e13,4.240775111810379e14,6.108409882626705e13,1.0635271730981692e14,5.6715342362844864e10,1.0293721216237375e14,3.001812242356178e14,3.2671712805390327e12,2.6471211304309634e14,6.240189396533682e14,2.391027067665356e14,1.7109801808948662e14,3.976898570940931e13,3.866986839302834e14,1.9827085183064856e14,1.23326588261621e12,8.739418035675931e13,4.8975658080328825e14,3.0695671843177825e14,3.2283334886338395e13,1.0322014157124467e13,2.0338058387475438e14,8.073084258097977e13,3.443791605656467e14,6.231617719268959e14,5.601193084215736e14,2.2152050847270612e14,6.13800280049691e14,9.287169558113982e12,8.861971243300253e13,3.0484606589887637e13,0.0,6.738647332739524e12,5.370655380206798e13,1.0701041880704393e13
8.142135041334939e14,1.2638776099367755e14,9.418155990107042e13,1.3536381462401878e14,3.445142414381268e14,4.8950499277407444e14,3.637026469909781e14,2.5659701326897238e11,2.1309910846085947e14,2.7424633244219586e13,2.1784451170729797e14,7.75116661192637e14,1.707449513270308e15,2.2821817311868272e14,8.84400728464923e13,5.749550886548603e13,3.68290109782933e13,1.0568869690756112e14,1.4164415555818128e14,7.859904379300535e12,8.090661173862903e13,1.1444397867315822e14,1.0975711156735254e15,1.826014347787481e13,9.130848030854062e10,1.2679835237207128e15,5.581433133146193e14,1.0330198331407631e12,1.2068161946432375e14,4.6463637663501356e14,3.5774876225422756e14,1.2390199834583688e13,6.034616116552826e14,1.1317198888602808e14,4.706862161931244e14,9.488436746351538e13,1.458568768008776e14,7.030371170306794e12,1.4210853395601953e14,3.4738888390294594e14,5.440187707929431e11,3.115442316234544e14,6.656362876569866e14,1.449187495260573e14,2.1510735422687994e14,6.936759179848892e13,4.337483563041977e14,1.1545866515877944e14,1.2024704747492176e13,3.991237897443818e13,3.340205749318173e14,3.5420323311113044e14,8.335747853932317e12,2.9533917558893383e13,2.487305916131866e14,1.1739583696507755e14,2.230063155615869e14,6.648079973594556e14,6.037344509309215e14,2.6743731970205006e14,6.557583707972611e14,2.7876883635384188e13,1.262496416668568e14,5.7673493454428945e13,5.898464075216438e12,0.0,8.621280118220927e13,3.992357813430234e11
4.0440640862696444e14,4.1805442792683643e12,1.9218818432755252e11,4.776352337645073e14,9.390931541222202e13,1.799261610097543e14,1.0451731267075619e14,1.0463983435466516e14,3.0806193839576688e13,1.7886153072535906e13,3.27092585482087e13,3.7579165638675694e14,1.1201303375376564e15,3.699149004901603e13,1.5500459478187378e10,3.1052470247847706e14,1.1290799729710504e13,4.178033982767609e14,7.470987191068313e12,4.585024974085412e13,9.196114381789226e10,2.1783403373146182e12,6.205312377470034e14,2.0062962507361728e14,1.0031712436702606e14,7.562740244904869e14,2.244310132091619e14,1.1582008605878803e14,3.1557725455022603e12,1.6432343825769694e14,1.0119599247181377e14,3.627454364244179e13,2.5483204974897572e14,1.9983730516274514e12,1.6809127163741988e14,2.2671949073112497e11,8.508022932331599e12,4.802693206722266e13,7.582728603644332e12,9.548050952728233e13,7.973800301133728e13,7.637887565931652e13,2.97670070605989e14,4.9624404709953944e14,3.1607160421894035e13,9.982347477116825e11,1.4538308470083147e14,4.3788411118004575e14,3.6935756043377945e13,2.6569678493800756e14,8.290603032771826e14,9.923072003538766e13,1.61706807618025e14,1.6182179787481977e13,4.591503267883867e13,2.6215986018202896e12,6.40147506464254e14,2.970915101026057e14,2.550172885833536e14,5.452952317165253e13,2.907836431486893e14,1.7508173935344277e13,4.1543354327241714e12,3.120035655206679e12,5.130737062302037e13,9.409315231833378e13,0.0,1.0733497986946211e14
7.537792220669748e14,1.2493446213676394e14,9.46749331583045e13,1.0727146354211408e14,3.264114817255631e14,4.588780795062149e14,3.439852672223436e14,1.3911168669959103e10,2.0552685970734403e14,3.0518741844478824e13,2.099127569855894e14,7.183589887019459e14,1.5595928659056452e15,2.1949377942024297e14,8.925096356168614e13,4.280975713708806e13,3.978341234088009e13,8.249264524424858e13,1.3919128845394152e14,1.045773358404075e13,8.211708723623533e13,1.13741511200785e14,1.0100075877727371e15,1.174908635757899e13,9.630802165989e10,1.1637858781514122e15,5.213783931468526e14,1.3101793849820602e11,1.1959079929919402e14,4.3620450829692444e14,3.385340228259988e14,1.5274244363702191e13,5.6258790848791975e14,1.1254764572785112e14,4.417218947122994e14,9.533816095419202e13,1.4312090385930106e14,9.55240546887255e12,1.3962460159939572e14,3.290452304172364e14,1.6617288005883687e12,2.961772728814828e14,6.190631331931271e14,1.1528611501501936e14,2.073832066945312e14,7.114651198393012e13,4.080185863604689e14,9.062948279399278e13,1.4891809221955062e13,2.864581893923877e13,2.7586391115700934e14,3.3528712082435094e14,4.507107252321117e12,3.260910702735181e13,2.384136725163935e14,1.16510654163851e14,1.812374973371539e14,6.183112058882725e14,5.628358887439354e14,2.5564173879683134e14,6.100951616992732e14,3.096763365988026e13,1.2480519430633728e14,5.996201413554617e13,8.299929863770272e12,3.5376234661157324e11,8.714393466999445e13,0.0
