"","V1","V2","V3","V4","V5","V6","V7","V8","V9","V10","V11","V12","V13","V14","V15","V16","V17","V18","V19","V20","V21","V22","V23","V24","V25","V26","V27","V28","V29","V30","V31","V32","V33","V34","V35","V36","V37","V38","V39","V40","V41","V42","V43","V44","V45","V46","V47","V48","V49","V50","V51","V52","V53","V54","V55","V56","V57","V58","V59","V60","V61","V62","V63","V64","V65","V66","V67","V68"
"1",0,0.0487870293777982,0.0237502289049625,0.0414292051079405,-0.0109278497000917,-0.0802135619631748,-0.168168785667838,0.0327483160970074,-0.0115735473015619,-0.0118155591812521,-0.25156305126849,-0.00432269279183343,0.05055134075221,0.0578164430484883,0.0399716930211589,-0.0543212207409335,0.050662179899783,0.0181871468900198,0.0363475509934524,-0.278792315571239,0.0408422190719852,-0.0768872941721909,-0.0147428206127287,0.0513162073730152,-0.0103356755820276,0.00882384376252116,-0.0121585388700881,0.0274870971766742,0.0499566527451484,0.0437108255410587,0.024096377273886,0.0393042425071606,0.0304308535622718,0.0511250672441866,-0.0136038547018346,0.0329766466953939,0.00865487641431,0.0396685496790772,0.0437362661878153,-0.00596561935555549,0.0446550214529951,0.0292918226856655,0.00967604806816294,0.0596777394543354,0.0554591297275559,0.0386767983079948,0.0318268089380043,-0.00865815671036647,0.0396555541627724,-0.0298754804820172,9.58653318742222e-05,-0.0449659865582118,0.0541576789170601,0.0376348402760773,-0.0809317833512097,0.0292348116619991,0.00334461369563517,0.0545423081232308,0.0475457987147856,-0.00258252985669149,-0.0399599214989901,0.00215298898630191,0.0592011300533883,0.0157703491899928,0.0306970512542255,0.0499029123423646,0.00374706974878279,0.0545946100407224
"2",0.0501868186782372,0,0.0132438559089646,0.0310461971436787,-0.0208241562078003,-0.090921713179851,-0.178309825256332,0.0227920207255515,-0.0222021443017741,-0.0222042759185511,-0.26125593997587,-0.0150299381069893,0.0398088040178914,0.0469630042457642,0.0294965968098475,-0.0644852725246348,0.0401302450555097,0.00793004409034632,0.0259859068356388,-0.289127102835081,0.0304044465772439,-0.0872412597417993,-0.0246250485120748,0.0411802809067286,-0.0211303285233696,-0.0016858402482372,-0.0221798956631691,0.0173387406121359,0.0396260341013506,0.0332745910006476,0.014160722605218,0.0288678892136117,0.0201934876080061,0.0407784696281481,-0.0237790342425265,0.0224901106274511,-0.00161795505690407,0.0292185429971971,0.0334211774106771,-0.0161707229692612,0.0337355113296095,0.0184420920491186,-0.000981877812422463,0.0489465828665233,0.0452540811226171,0.028718051777496,0.0219338556041505,-0.0190795781454857,0.0300603581083874,-0.0405031657648555,-0.0103794511209333,-0.0553735600573129,0.0434432565359223,0.0273434731438084,-0.0913304599822643,0.0186533671805534,-0.00643165756072262,0.0444126296432635,0.037470634597645,-0.0129943509626386,-0.0502819953811695,-0.00821925177277729,0.0488885670786395,0.00548354377561798,0.0203494956097692,0.0395892818369606,-0.00646261788473235,0.0449243036978074
"3",0.0886955206399069,0.0762931711301758,0,0.0693315340501254,0.0162668986745115,-0.0522570164575523,-0.140625202750722,0.060410387834941,0.0159475058611919,0.0159775312020558,-0.223915053189195,0.0230835181295239,0.0777169728797208,0.0854723874293539,0.0674354464760077,-0.0269695238470934,0.0779224994617581,0.0463343054183343,0.0639408316956342,-0.250730437784377,0.0684991756731539,-0.0493269017255882,0.013378859195651,0.0790524144898813,0.017488709339196,0.0364403501760833,0.0153118361712557,0.0551062382048433,0.0773474493659542,0.0715056468353019,0.0523232256849846,0.0663673265430818,0.0586470767060058,0.0785708441431062,0.0146423291052536,0.0602631824061786,0.0359442138896395,0.0676583534008025,0.071823549710393,0.0218152245293603,0.072280135796517,0.056852940769394,0.0372931761918111,0.0874657140548095,0.0833280339643641,0.0672675394206967,0.0596897011777661,0.0187871598970373,0.0679709243672858,-0.0021489328296005,0.0279625624117186,-0.0175136118747241,0.0816741920164147,0.0647288085777653,-0.0532378860750165,0.0568075768973548,0.0317850928443748,0.0824612553679251,0.0751247661968823,0.0252683028154742,-0.0124186633185736,0.0294584900649141,0.0866292187889761,0.0434633896950465,0.0586645944616443,0.0771959809002485,0.0312016158645611,0.0827932469642433
"4",0.0737233783046788,0.0614967548513696,0.0368985121158656,0,0.00205605863116104,-0.067530596302981,-0.155011736469452,0.0452521444782691,0.00103865947122169,0.000704315778227666,-0.238395930568507,0.00826032398884238,0.0632028589474732,0.0704779301111129,0.0529417138752245,-0.0412906287823315,0.0633520703058889,0.0311955280515317,0.0490298288515285,-0.265534544306031,0.0537394975962098,-0.0640382282394856,-0.00137657248578465,0.0640285093127749,0.00214405835972882,0.0219980003458606,0.000938565744653342,0.0404623959571391,0.0627692931992335,0.0563110558401265,0.037655198981069,0.0520838841060604,0.0437424102752162,0.0636792193733468,-0.000182900655769359,0.0455116243812545,0.0212825301611671,0.0524506780839125,0.0567109442842164,0.00644688565156202,0.057775228709765,0.0412921349131838,0.0226019304266704,0.0727078250828974,0.0686318009711955,0.0517726231572181,0.0447081634171493,0.00417676017379952,0.0536655015967013,-0.0168990701138988,0.0128924875076536,-0.0323069781555657,0.066695310337949,0.0505539930448032,-0.0683442364458339,0.0416157641439015,0.0165432081750216,0.0676361444305081,0.060426583402534,0.0102955760662583,-0.026900401971364,0.0149438855496563,0.0718448419360026,0.0290016371681022,0.0438325642360119,0.0625225994862992,0.0163127818840386,0.0679496291791219
"5",0.119124038972742,0.107431230778315,0.0819704881849458,0.0996247482810563,0,-0.0215106000907024,-0.10989542604622,0.0908384024098472,0.0473042803887336,0.0469876228849795,-0.192605208743323,0.0536599474843979,0.108455637540337,0.116354281996366,0.0980930238298408,0.00392085537035616,0.10902073930763,0.0765504555197646,0.0943217629038523,-0.219874641039609,0.0992303709023847,-0.0190117057548931,0.0439701111421106,0.109852914976868,0.0483898582767132,0.0672884749662691,0.0462154572175956,0.0865028013773209,0.108416673442218,0.102231081215335,0.0824644313940457,0.0980646706796008,0.0891743884833176,0.109535003687657,0.0459845188738461,0.0913951835464713,0.0668078626090566,0.097829648146515,0.101660950465922,0.0520004761539878,0.103228526932364,0.0869822075372343,0.0685637073109222,0.118271603779265,0.114045595969526,0.0969781071143739,0.0905301161477519,0.0497404954208521,0.0985447599303349,0.0282319508796248,0.0583518633479426,0.0138387690591521,0.112612307373987,0.0962250247274355,-0.0222106413756914,0.0878644061270677,0.0621661048211027,0.113415842956855,0.106126787474189,0.0557531426919241,0.0186185544260109,0.0603376229754631,0.117983742355575,0.07438723910561,0.0893758914884085,0.107725641236276,0.061869659352588,0.113837477571388
"6",0.188641205237732,0.176487090225775,0.151755090549366,0.168692190450394,0.116601655814141,0,-0.0404996261336443,0.160474726689342,0.116168870391422,0.115688985739004,-0.123067027933721,0.123001263786231,0.177539380758959,0.185529626922284,0.167382886782108,0.0735025612414336,0.178382564602266,0.145778990870302,0.16389991226821,-0.150509522076153,0.168420499881441,0.0501420338466536,0.113108126307535,0.178866960085019,0.117128128099085,0.13720673320371,0.115453305297485,0.155175000970576,0.178252790812311,0.171525752897242,0.152727445146188,0.166558008773531,0.158392623432242,0.178837552022912,0.115149302160625,0.160380290997783,0.136310556649488,0.166694709395397,0.171992887859498,0.121615361848034,0.172854688265407,0.156125530797166,0.137831584107062,0.18773172779661,0.183293802362218,0.166379417477748,0.159464878614873,0.118607098189008,0.16717860647282,0.0977000092235946,0.127735643682689,0.082473257024748,0.182006160936776,0.165034505703834,0.046737113838002,0.158285884874439,0.131773209294917,0.182207177569036,0.175260373718444,0.125277752897666,0.0879796429176911,0.130104110611872,0.1873960540584,0.144540355903498,0.158524888572952,0.176760738007332,0.131293996963292,0.182713077567968
"7",0.286349183508847,0.274807902151812,0.248769473061948,0.267150369225512,0.214669503568894,0.146140334685545,0,0.257914436570643,0.214753025140037,0.214080201316411,-0.025281984105082,0.220339866940931,0.275808512283283,0.283267148321244,0.264880687679554,0.171605505470687,0.276789897040477,0.2439251253283,0.262210186702307,-0.0532321344792474,0.266438939124116,0.147970157348236,0.211416289427261,0.276703093686572,0.21577328022553,0.234575895905586,0.213506121593461,0.252696691127494,0.275702271003227,0.269229858221397,0.25038263969706,0.264532154951284,0.256942898701554,0.276644839996981,0.213229006500827,0.25796240703455,0.234740367717029,0.264737996229134,0.270343604429285,0.22028202471962,0.271170555012983,0.25392867464553,0.235889985861734,0.285124855396785,0.281144816747379,0.264316105174714,0.257857399944495,0.217007069108933,0.265153288820694,0.196169895482081,0.226073878216731,0.180274677448001,0.280012132562138,0.26313411719584,0.145226054630716,0.255791849553321,0.230139109581808,0.27982198777389,0.273017928031672,0.22283729653314,0.186756724931613,0.227681112879045,0.285486529007262,0.241789612709755,0.255831056551622,0.273989373656701,0.228362754501247,0.280610267031908
"8",0.0958148220161848,0.0841547646533371,0.0592409513939136,0.0761869572632602,0.023972475197738,-0.0448210823235,-0.132941937075618,0,0.0236390090054511,0.0232735498396628,-0.216910091099337,0.0303912276353088,0.0851652768991622,0.0924747066742834,0.0752966493233301,-0.019503793660046,0.0856931566939765,0.0533696078900016,0.071223617205937,-0.243391738933894,0.0761973693123756,-0.0416086122367739,0.0207492405344606,0.0863664715829759,0.0246859736142537,0.0436725149724327,0.0228924149807433,0.063018010823526,0.0845077032892607,0.0791600801741968,0.0594358138756925,0.0741449696887798,0.0657742883375426,0.0859199140681856,0.0218419420472761,0.0675828296902997,0.0437128569498735,0.0750666307453538,0.0790149975287934,0.0290362508745044,0.0799722550468711,0.0634877249914926,0.0445244765520147,0.095214701683774,0.0906658249415521,0.0738681759033366,0.0669999979363453,0.0265724829494005,0.0754831148060916,0.00545872223551959,0.0347586797834348,-0.00980737012744187,0.08891953204168,0.0722419018288711,-0.0457231659160584,0.0642627665266216,0.0390142517225378,0.0897990170434889,0.0827321158124325,0.0326697911121839,-0.00520858205830067,0.0370843933226508,0.0943289350945539,0.0508182127872693,0.0659137464166677,0.0843332351757345,0.0381319200186629,0.0904275611696531
"9",0.11920748281137,0.10699824027242,0.0820458229757101,0.0992798183530311,0.0474898866144726,-0.0219157546561451,-0.109943285067881,0.0907602211108717,0,0.046884642619583,-0.193425200754859,0.05324753496885,0.107890076477137,0.115994361815178,0.0977741381327748,0.00384224397059008,0.108839446940663,0.0764768854041119,0.0942468782803387,-0.220360883421553,0.0992643948386233,-0.0189020129871996,0.0439163011695726,0.109268000088596,0.048113671689646,0.0669190418772633,0.045946049809106,0.0854572679690642,0.108610512947383,0.101454394858398,0.0824215320980581,0.0973557149513891,0.0889974718505983,0.109130381100827,0.0455897143291222,0.0909276265065409,0.0668388716301225,0.0971500834178822,0.10173843005286,0.0520424341296191,0.102834556140408,0.0867939826638168,0.0683704093671278,0.118001564279474,0.113765138908224,0.0969693616285618,0.090003603424587,0.0495726287916608,0.098300906762891,0.0280145621476968,0.0579832567718078,0.0129600308218173,0.112293221629202,0.0959465499810332,-0.023017986474182,0.0872613421626819,0.0618063618554204,0.112823980323998,0.105310618666508,0.0556182978386841,0.0183200118849509,0.0603680285620333,0.117697091021304,0.0740741764392318,0.0891001923622896,0.107602555482497,0.0613823674208207,0.113099552101363
"10",0.118840715624121,0.106936623918946,0.0820632302767812,0.0990929824870691,0.0470958735524199,-0.0218251490089991,-0.109991609377969,0.0903640638871777,0.0468505338603372,0,-0.192920269988218,0.0533351500052322,0.108113251683409,0.115767065569243,0.0975057331443787,0.0039400711006454,0.108573087155855,0.0765443488668242,0.0943163694135657,-0.220078029386621,0.0992982651559986,-0.0189458610237725,0.0436453417488024,0.109455870569346,0.0476832661103843,0.0667694267841406,0.0462134984041927,0.0855179042062913,0.10786577304473,0.10137745014863,0.0824239446774918,0.0970262713975544,0.0889142526800219,0.109332155315274,0.0453795716871353,0.0911627476916615,0.0665176689060088,0.0975410917421893,0.101415877513219,0.0521842897539304,0.102726339078183,0.0865053147366846,0.0682827412088416,0.117662503690233,0.113710150954957,0.0967448486166754,0.0903182640316253,0.0492320084238059,0.0979421451787255,0.0280114069089167,0.0579033110723336,0.0131327163771294,0.112270511168778,0.095670343731148,-0.0227667389001949,0.0873829635844379,0.0617808414632783,0.112749457561383,0.105234095339132,0.055437028897489,0.0179992135256989,0.0598764988001057,0.117499487973105,0.0739677545935565,0.0889968659775977,0.107201689623855,0.0618387577187467,0.113283543003957
"11",0.366662055704377,0.356293192432023,0.329643557054708,0.348163288785377,0.296037911047589,0.226927892927754,0.137611391505903,0.33846724761808,0.295058277434628,0.294797564702133,0,0.30142320201169,0.356381044888027,0.363745501183546,0.346077540692704,0.252774719099203,0.357589346205372,0.32518806709937,0.342114147290829,0.0277678264517768,0.347073924393565,0.229621972290868,0.292486746611994,0.357204730717305,0.295450757623002,0.314587861271491,0.294243875371362,0.33397372016031,0.35592164384414,0.349956411757814,0.331305485762316,0.344713290658246,0.337355436452647,0.358332343374752,0.293717600586572,0.338958385004837,0.316001685955149,0.345773183934539,0.350744542789431,0.300683992647981,0.352458223081874,0.33508085871855,0.316083964274791,0.366266272593344,0.362302814170058,0.345121327383876,0.338371419116869,0.298169309497274,0.346334211321906,0.276750399112056,0.306245941136233,0.261148411698815,0.360810035967135,0.34412726766229,0.225598337268184,0.336979122766442,0.310365727509178,0.360628972386066,0.35355195695462,0.303082933995231,0.266909038722854,0.308253383209451,0.365285587294004,0.322603025966728,0.336827567319347,0.354789200175734,0.309550181277779,0.36104690554622
"12",0.124954550815369,0.112717387680209,0.0880503495504926,0.105087042870279,0.052847304781472,-0.0162109721622079,-0.104595970366018,0.0961842216528312,0.0524758878647866,0.0525216674066698,-0.186912694552925,0,0.114162882971821,0.121850333402177,0.103433485795051,0.00972621247959849,0.114718035121786,0.0821057149929722,0.0998330576053874,-0.214523130617168,0.105071048843399,-0.0134798033818903,0.0497104549055691,0.115337637621597,0.0536618111259343,0.0727956886776424,0.0515482760578569,0.091828061983436,0.114441891100013,0.107028598963204,0.0884104819179194,0.102994045455933,0.0947809818506496,0.115147431189723,0.0513137099125233,0.0968731333650687,0.0725902999515719,0.103062550834825,0.107299877847257,0.0579843759652675,0.108284222167013,0.0925377697407777,0.074214235435195,0.1236962115739,0.119420826433339,0.102775027733051,0.0961260946379166,0.0553376481838005,0.103851413337704,0.0340052677038816,0.0638689397975552,0.0185230063629983,0.117710225699517,0.101654307308959,-0.0167433573395882,0.0935334391768593,0.0676997617723219,0.118488421198801,0.11103369138692,0.0610492326560396,0.024038158336067,0.0659930663832877,0.12332030365998,0.0803142074013915,0.0949287944800756,0.112882022100536,0.0670572382115186,0.119201929514049
"13",0.0519325996426211,0.0396193087183235,0.0146399525890295,0.03264695270027,-0.0196419173089502,-0.089257771063065,-0.177187820934998,0.0238026721718108,-0.021089557607648,-0.0208034682942028,-0.260344686951158,-0.0134895505155865,0,0.0487448676030122,0.0309164726635528,-0.0632523280459064,0.0415186907574309,0.00935682798382158,0.0276054117129584,-0.287625186937084,0.0321932770123358,-0.085781624373726,-0.0235426053740934,0.0422929307594085,-0.0192621994734947,-0.000119893337559386,-0.0212081324303993,0.0186195486614188,0.0411969629435193,0.0349265766451472,0.0154751884006124,0.0303585664446414,0.0216980495938232,0.042014696715826,-0.0222658168859753,0.0239625198985881,-0.000371756043364001,0.0305951525561326,0.0348270484773782,-0.0145252148361944,0.0357076770421964,0.0200376491943946,0.00061671942511634,0.0506733833664184,0.0468287944190711,0.0299955771391565,0.0230096069468177,-0.0177521356148597,0.0312723720776154,-0.0387087637529947,-0.00869274917043103,-0.054140468266722,0.0451811906931689,0.0283411092585709,-0.0893540974927738,0.0204946291814642,-0.00539455966083386,0.0456133099844281,0.0387247424615454,-0.0118136080412963,-0.0487789381765912,-0.00649179963718439,0.0505351204239601,0.00720117492183135,0.0220012551935838,0.0410847074764647,-0.00527977674086992,0.0464666396355333
"14",0.0582881805248904,0.0459608142535784,0.0212772193242206,0.0387845629126415,-0.0131702913776802,-0.0825986842171412,-0.170533985583908,0.0301493496867834,-0.0142955332378052,-0.0142696393313127,-0.254111127831975,-0.00701748079577414,0.0478624610295858,0,0.0375340083853513,-0.0568104790092379,0.0483996395787706,0.0159245513060155,0.0338940195485013,-0.281054401548905,0.0377637376513219,-0.0795877621505116,-0.016947081886738,0.0488200936782963,-0.0131304636355933,0.00633226442310955,-0.0145506640540241,0.0248680471717796,0.047669997465736,0.0414302900992021,0.0216975065749415,0.0365813761511899,0.0282178497546373,0.0485915574769422,-0.0160082594674592,0.0303597035302261,0.00626656598275076,0.0376651118688688,0.0412435394575059,-0.00800559865842555,0.0422650536001551,0.026114474590391,0.00721499353026015,0.0574793054264184,0.0533570696191549,0.0368469603897071,0.0295836751410977,-0.0113803729533029,0.0375550081439612,-0.0326318418517817,-0.00269138928105746,-0.0473045569713683,0.051657523381505,0.0350232261640195,-0.0831041150807281,0.0262180844429432,0.00109910465769138,0.0523792755816225,0.0453483736040795,-0.00526691312004214,-0.0422662987536023,-8.59670601754047e-05,0.0570601993770763,0.0133496184862983,0.0280340582190594,0.0477223393989404,0.00144223321479294,0.0530924882510456
"15",0.0420075407720528,0.0300726675629461,0.00501348855115995,0.0230831808484064,-0.0292036895821017,-0.0988393809026872,-0.186779949935253,0.0144183257958937,-0.0303311859952752,-0.0304433314605111,-0.269914196033099,-0.0231357525721469,0.0316548123202281,0.0391734453203489,0,-0.0729119627432509,0.0321044430370028,-0.000219618700478794,0.0177492353893234,-0.297061447705299,0.0221630126731564,-0.0956392877249216,-0.0331531210160909,0.0326973193007249,-0.028998050287538,-0.00995019652887792,-0.0306867798790424,0.00893088987570266,0.0314641810713751,0.0251579644942853,0.00585424844646929,0.0207851777557976,0.0122114526158429,0.0325580830942934,-0.0318039839283934,0.0142411640603207,-0.00998196700579909,0.0209685676990696,0.0251627498707038,-0.0245358387121167,0.0260434897091633,0.0103715296308593,-0.008904228612039,0.0415359745084393,0.0371376576209596,0.0202101173572907,0.0137433705441295,-0.0272299498100332,0.0217297277649541,-0.0482883834799161,-0.0185454880389992,-0.0636209972875817,0.0356770814105771,0.0191685411710722,-0.0994041978263337,0.0105132253244147,-0.0148989962133027,0.0362276695451561,0.0291920645767989,-0.0210498305541756,-0.0586033970642976,-0.0164078345564312,0.040763396121703,-0.00231838287442685,0.0123311508324533,0.031162118019371,-0.0147883806533664,0.0364207187484564
"16",0.177909568369658,0.1661795960459,0.140412357193449,0.158070499759896,0.105522512161554,0.036814779183856,-0.0511921807000714,0.148621228634637,0.105416261400589,0.104993867524165,-0.133815697001386,0.112401450928563,0.16705203005501,0.17455951470506,0.156743303566715,0,0.167650693552752,0.136056547533565,0.153547461316768,-0.161319839521132,0.157570054256559,0.0393798231774312,0.102248586231126,0.168159284390745,0.106410480585844,0.125553753896229,0.104525459281068,0.144353924022852,0.166770778748783,0.161054899399261,0.141501894126069,0.155755800421516,0.147494208801252,0.168115445251445,0.1051421011622,0.150204959382449,0.125839294642208,0.155813806803085,0.161069514500971,0.110477186329232,0.162059218543028,0.145318917256755,0.126962901562847,0.177166567145619,0.172639883134034,0.155501724118397,0.149261734313363,0.108886796189493,0.157319932503173,0.0873011874467489,0.116929870659848,0.0717476004555559,0.170825854781904,0.154142986810013,0.0363717585269089,0.146561520016305,0.120584941330758,0.171526043024372,0.16443565459052,0.114270881523465,0.0770829425464268,0.118984597655227,0.177084445786772,0.13333584516774,0.147383012662449,0.16648670685765,0.120434561407092,0.172372432546832
"17",0.0519734067235915,0.0399786693546432,0.0147729173638676,0.0329664353786881,-0.0193317473753368,-0.0888299418381611,-0.17644249439787,0.0243490078041091,-0.0203701417294683,-0.0206889791489202,-0.260049298291794,-0.013063300043631,0.0414485688117211,0.0492581713073416,0.0313439584239968,-0.0626730505851174,0,0.00997409903454007,0.027857865932523,-0.287277642350646,0.0319545417362117,-0.0857448436505706,-0.0228048364605069,0.0426253960229086,-0.0190999792402964,0.000271915226945755,-0.0208279705918016,0.0191334135878088,0.041346299522975,0.0350524359649197,0.0156706076371679,0.0304752056434392,0.0221058050115356,0.0425195062271987,-0.0216561663731009,0.0242549330886529,-0.000183245450595659,0.0309246751210683,0.034834882653982,-0.0143440557987086,0.0361123121293564,0.0204583135117797,0.00148005594473103,0.0514377767202728,0.0472926747706781,0.0306118015627146,0.0236595262441703,-0.0171925651610505,0.0317504265802331,-0.0382684667142598,-0.00852183476786546,-0.053472368082201,0.0457545010750827,0.0287762412819067,-0.0891692488100717,0.0203112070586444,-0.00481763917440102,0.0463785597900972,0.0391119315024237,-0.01112241481329,-0.0481814251282073,-0.00649725869707148,0.0506626423192178,0.00733253878442804,0.0221130478789132,0.0414000648109004,-0.00479398563202315,0.0466578054129797
"18",0.0833328614189593,0.0713932756377269,0.0470485869225841,0.0640470306815048,0.0117583095618876,-0.0576174405339496,-0.145429831776613,0.0552119610843012,0.0112361284311855,0.0113022939861417,-0.228496721540469,0.0182061430021039,0.0727417059149502,0.0805461752520304,0.0626000622405419,-0.0309972731464003,0.0733997659822015,0,0.0587038382402937,-0.255799838523771,0.0636309134464408,-0.054087385809186,0.00830464726340019,0.0743672909702812,0.0125096921443863,0.0318579110217316,0.0105144135363735,0.0505497196882919,0.0729281922513739,0.0667232805568934,0.0471562268926402,0.0617737135520188,0.0534525997378589,0.0741757584168363,0.00991038122028394,0.0557973231011996,0.0311682563751689,0.0621653401604697,0.0665104935968311,0.0168814941151325,0.0675702693374829,0.0517415495390427,0.032743482677189,0.082386479628492,0.0782092911389661,0.0613719596562837,0.0547472255604647,0.0142180109263902,0.0632123855842289,-0.00707201084982991,0.0228184960259253,-0.0224222813011496,0.0769997402972766,0.0600953261870169,-0.0579907579132105,0.051997399086457,0.0266436831971522,0.0776985328608142,0.0701515637845124,0.0205153585329261,-0.017282880205739,0.0249063957128576,0.0817677489110138,0.0389239549215244,0.0534216486546465,0.0720492858271121,0.0263262630863316,0.0776533363523045
"19",0.0690746617825183,0.0570484855958774,0.0323082585808293,0.0497131403119308,-0.0024047368241598,-0.0715894458825455,-0.159645329730667,0.0410764047304825,-0.00340336587966712,-0.00325333769536759,-0.242667199868842,0.00387971706623191,0.0587007438756251,0.0661239373536554,0.0482345874018942,-0.045328494122591,0.0588869127294253,0.0266139197943357,0,-0.270363277612254,0.0492856948670893,-0.0683539716467795,-0.00567190088995485,0.0595978574214162,-0.00205024091281199,0.017239341506411,-0.00385463933510204,0.0364791563492991,0.0586163990299927,0.0523056402332242,0.0329525299815634,0.0472730785153863,0.0395743175123448,0.0593430890167979,-0.00466562968915995,0.0413219992857304,0.0168668801074839,0.0480807037396636,0.0517392256601648,0.00208554818875153,0.0524328079988365,0.037261724000712,0.0182937341725921,0.0682217225121411,0.0640361949074376,0.0471647563423637,0.0403036452276291,-0.000181882100658881,0.048571255523832,-0.0215372520471779,0.00841660123781359,-0.0365626761987831,0.0624359567156211,0.0460298241847407,-0.0725127713903427,0.0375290301429196,0.0119418959536067,0.0633146043279487,0.0555217674116915,0.00567020260629874,-0.0317131833104545,0.0107338968590323,0.067416949108619,0.0244291705850115,0.0390168524578693,0.0582417895880591,0.0118313497761515,0.0634516983596139
"20",0.382184028238737,0.371579768241504,0.346069629207448,0.364005907582826,0.312339867894633,0.24289737130014,0.153298811584467,0.355189232178193,0.311121204648474,0.310746375021483,0.0713903990527022,0.31684842998416,0.371847211345698,0.37978985319034,0.362197892486712,0.268072540990496,0.3732612416637,0.341108159251837,0.357964559138667,0,0.362946464279072,0.24577478973415,0.308312240782809,0.373230599143786,0.312170304712202,0.331331259913484,0.310105298893639,0.349511062108375,0.372087632134217,0.365443367961777,0.34769160132969,0.361333601161,0.353381300195583,0.373734235608239,0.309729240828703,0.354743911621057,0.332285236639266,0.362070116495647,0.366801538820443,0.316906850472267,0.367840448200812,0.35088599631011,0.3322952474064,0.382350799650333,0.377971104161953,0.361220020851843,0.354350686458692,0.313075845451296,0.361956604550162,0.293236395077604,0.321986114455968,0.276680888064445,0.376337249600366,0.360573854410924,0.24216670632253,0.352123665358765,0.326317319302201,0.377030898458879,0.369535429431669,0.318931918993448,0.283022420181632,0.324257092836232,0.381545637107623,0.338595804359455,0.352889497596065,0.37075944248395,0.324911065263936,0.377253806759729
"21",0.0732330226382755,0.061007192363907,0.0362061548473969,0.0538194754569351,0.00129099944605973,-0.0677096058955009,-0.155610120553616,0.0453609042257327,0.000676925935763829,0.00069762791287718,-0.239024696300525,0.00800571130160665,0.0630252155212892,0.069601946125077,0.0522015928572061,-0.0420786768200101,0.0626486558386858,0.0307682633069949,0.0487738135381027,-0.266479906577106,0,-0.0646861193733418,-0.00194363658515437,0.063667113641804,0.0017791017243431,0.0213095266110033,0.000342783126981825,0.0399011266205888,0.0625925095512296,0.0561276313327747,0.0367758315323094,0.0514519940181956,0.0433112791738852,0.0638179823043381,-0.00104734576975456,0.0454125126691927,0.0209558413160035,0.0522912507254844,0.0567204593588136,0.00625740367435095,0.0568287472430319,0.0416082076597326,0.0218338645897848,0.0722410127374384,0.0684350810768759,0.051426358407923,0.0442961243230472,0.00377163972167275,0.0528707763377125,-0.0174105626476759,0.0125805634527708,-0.0326707806739339,0.0665037637116526,0.0495905270221207,-0.0684219493907076,0.0413817827730112,0.0159694091799516,0.0671952405718044,0.0597330957088962,0.00950974154637365,-0.0275097206391775,0.0147314952183589,0.0718177879777654,0.0286104167975136,0.043180818099591,0.0621639824353793,0.0157849258490102,0.0676451450367397
"22",0.19100642555584,0.178928787687388,0.153494910814542,0.171109790987325,0.118603134351421,0.0498413011244924,-0.0384505674842898,0.162860640241219,0.118643553844941,0.118057200202039,-0.120987652939739,0.125228443120202,0.179931469728483,0.187336038846329,0.169400884968815,0.0757790122377121,0.180394931138036,0.148374352083431,0.166137419274213,-0.148737705678868,0.170509307064918,0,0.115681856401992,0.181186608486409,0.119201892150826,0.139294317265138,0.117485301459786,0.157328876730231,0.179872827424428,0.17324683234467,0.155104713901451,0.168537775015878,0.160564709992262,0.181229101672507,0.117271753321198,0.162727369406978,0.13816953542972,0.168814570870183,0.173867578757554,0.123657317786412,0.174426149561747,0.158091310126229,0.139990760183392,0.189884819280464,0.18519744529355,0.168845891248436,0.161803284159115,0.121319736372762,0.169688504345228,0.100283825943124,0.129787357174318,0.0846900115638616,0.184024145066441,0.167078582115125,0.0486531411477764,0.1600567049088,0.133582423429854,0.184324026869459,0.177053074239541,0.127355919231555,0.0900791338757846,0.131720104495431,0.189772838771454,0.146022382540231,0.160500478942685,0.178996600088183,0.133115900616488,0.184799430656999
"23",0.116210735501676,0.104441193890495,0.0795419723092247,0.0968691686844832,0.0443947242555948,-0.024558450243791,-0.11261745549129,0.0879322279116554,0.044155686641324,0.0439177373120438,-0.1956497589652,0.0508666288272263,0.105454223104931,0.113221606389805,0.0948183359524425,0.000683431010485437,0.106542768390396,0.0736534188160138,0.0917894692298122,-0.222994455388355,0.0965805985601813,-0.021493475692674,0,0.107172279931782,0.045488610439964,0.064420817101056,0.04367467739214,0.0829540955537767,0.105905854989255,0.0988548340145945,0.0801376132330022,0.0949585730333024,0.0862138870335189,0.106705016191163,0.0430709715179592,0.0883789238651955,0.0642331235805577,0.095222876343333,0.0989614852123563,0.049551002614931,0.100268815120976,0.084707231569049,0.0656186276415421,0.115734272481744,0.11111716946139,0.0943511047020971,0.0876346861015337,0.0468762828212261,0.0961286710432298,0.0256199014105044,0.0553908230101575,0.010281241495032,0.109931905986146,0.0931889908081998,-0.0258224515116927,0.085152507932334,0.0592013337857236,0.110140142919108,0.103022076697838,0.0530188287779677,0.0155684121809652,0.0579536407832725,0.114648338927182,0.0717874689655829,0.0867658053709669,0.105216992846759,0.059169284790961,0.111317315745823
"24",0.0525553496834839,0.0409517862749802,0.0156863545482628,0.0332663764383107,-0.0186301603388614,-0.0880689767246703,-0.175825171883732,0.0249321020397248,-0.0199686426110339,-0.0195831949088014,-0.259484246667818,-0.0124713257812569,0.042166768121739,0.0495888684166875,0.0318790233310965,-0.062205714480874,0.0425903491705967,0.0108122749869065,0.0285062599816694,-0.286628951942136,0.0328887494195197,-0.0845995142235208,-0.0220558286733876,0,-0.0185221035238377,0.00105691951124387,-0.0198292094163711,0.019756955368812,0.041890577286247,0.0359504540791885,0.0162952021926328,0.0313065064653285,0.0226341403744836,0.0433557872477945,-0.0211296186992272,0.0248627852816983,0.000900104321066,0.0319037587036811,0.0361301652039625,-0.0139055366333992,0.0365856460215196,0.0208527711447505,0.00190758817884443,0.0518706600712823,0.0477068432538014,0.0310615958230038,0.0239616890107711,-0.0161982954883395,0.0322194937018073,-0.0377798071263578,-0.0076938592187959,-0.0526857594857876,0.0461382572310638,0.0294557249586197,-0.0883830058803699,0.0213275369734543,-0.0041021299897399,0.0473060444354877,0.03972951136061,-0.0103635713329337,-0.0478903649128328,-0.00587621100444629,0.0515908014814725,0.00836408195245745,0.0227629776011345,0.0420753144840276,-0.00441302039794861,0.047566337058665
"25",0.120282646784755,0.107715183059525,0.0834565074326089,0.100339850142776,0.0484726243643339,-0.0208365837586008,-0.108591665672594,0.0916101025091523,0.0480781290269625,0.0475903254099335,-0.192339214661805,0.0544208814952534,0.109504511468488,0.116753680236501,0.0987473273686694,0.00472555533153049,0.109810103611047,0.0777031101561014,0.0953918545324083,-0.219036770831615,0.100112055205054,-0.0181758944215828,0.0451306901013893,0.110411576330298,0,0.0678609268235454,0.0469545534932499,0.0874269012508562,0.109513099787372,0.102565898143905,0.0840294224755438,0.098797945765415,0.0905574171553978,0.110343508575248,0.0468523881806802,0.0921712889914457,0.0673598132184328,0.0986142330383993,0.102590756955284,0.0532995024483822,0.104286869202273,0.0874111413182789,0.0694424909145755,0.119371832479381,0.115114080995795,0.0980014744283356,0.091458289055976,0.0508565577513705,0.0991456827045571,0.0295405049503575,0.0591011161735813,0.0140894911188635,0.113273420819317,0.0969282132042613,-0.0216780440424237,0.0886467783482561,0.0629688135870412,0.114017101684533,0.106782144711398,0.0565191177104101,0.0191163792852012,0.0614462239867261,0.118889188077608,0.0755161870152811,0.090295109732874,0.108575790201179,0.0626715278819308,0.114475777257864
"26",0.105692674096876,0.0938004465094548,0.0687583607008244,0.0867577761942176,0.0338663445753721,-0.0349467165517989,-0.123681321611964,0.0771552047455416,0.0332745396667389,0.0330238966261995,-0.206825419235257,0.0403255100365184,0.0951207058470089,0.102825835464185,0.0845663897465445,-0.00988457911231184,0.0956461771824122,0.0634540872492409,0.0811576392651879,-0.233093866908718,0.085913811735664,-0.032029096973849,0.0307092885019593,0.0964910087987682,0.034546539447933,0,0.0326286196059109,0.072972456933631,0.0949802468475576,0.0887267675626352,0.0691212950405029,0.0843095725083788,0.0757424942001317,0.0963209285292604,0.0318509142827395,0.0777758515543633,0.0532346454790702,0.0848357059519958,0.0884874041895072,0.0389823318374863,0.089714311229701,0.0736455842711074,0.0550795335521962,0.104512846677856,0.100709475737467,0.0841099432986267,0.076810335732958,0.0364423246016591,0.0845572690917434,0.0153944543306546,0.0447669179651811,0.000445199820067643,0.0989601660199933,0.0822665220299449,-0.0360710571645859,0.0740845987251207,0.0484895075050052,0.0995127233983464,0.0921897530644011,0.0426971002760444,0.0052305168609361,0.0467266983455027,0.104402112011617,0.0608008642634075,0.0758674878333875,0.0942950200762877,0.0488287127403965,0.100260116648122
"27",0.118418764335772,0.10670932079728,0.0815306417728557,0.0990765112271715,0.0463080993649197,-0.0219731714645625,-0.110502167242337,0.090256024304348,0.0461264604066733,0.0463302433077265,-0.1936286014645,0.0524231953470541,0.107564669766885,0.115559570833617,0.0970718503800455,0.00347859824521643,0.108190879540832,0.0759512990339202,0.0933918725459511,-0.220879006532314,0.0986688367144105,-0.0194767070028305,0.0434790071111035,0.109131093783423,0.0471501236960422,0.0663292204159206,0,0.0854063666714622,0.1077702540627,0.10127710926354,0.0822731418594671,0.096800150139714,0.0885491219393544,0.108938500225142,0.0450963761261355,0.0908849373298618,0.0655013608095668,0.0968900249470875,0.101225955188727,0.051785199357271,0.102455986445161,0.0866027833939607,0.0677673915174646,0.117697933401301,0.11357519058396,0.0967825809872493,0.0895536893069385,0.0487596814246538,0.0979819597897217,0.0275774971346882,0.0573835008970845,0.0125962353338213,0.111461681807509,0.0951539345819085,-0.023326776679701,0.0868206484060011,0.061130814979103,0.112192415967965,0.104981626994045,0.0551709282329074,0.0177949142488346,0.0597637164242395,0.116951967037281,0.0738102304788006,0.0886620715395195,0.106941808161998,0.0611790785420964,0.113214923767932
"28",0.0916061551984472,0.0799800218485152,0.054610006705786,0.072287611709503,0.020300580707252,-0.049055990777725,-0.137564588140619,0.0638367535301459,0.0187572847533386,0.0188833334976787,-0.220438675403442,0.0264372367392012,0.0811159474881421,0.0885301505186182,0.0707989446057526,-0.0231406116272404,0.0814236552696026,0.0494866582233792,0.0674743892357639,-0.247802911734189,0.0716656233878319,-0.0455837853614597,0.0162770124268016,0.0823249560045317,0.0210336480606504,0.0400742033629458,0.0187180569449563,0,0.0809676570849756,0.0749264338810335,0.0554813511531698,0.0698978754548859,0.0615584646419412,0.0820761076809268,0.0180371790609727,0.0641861235468687,0.0396176295386339,0.0705954641348031,0.0749887620024333,0.0245354467141888,0.0753648415894476,0.0600912482957372,0.0409532926451999,0.0906742965620391,0.086889120939619,0.0699743252844984,0.0630823085692362,0.0226125429635658,0.071570609262766,0.00140783406436596,0.0308409372389232,-0.0140410137262142,0.0849295594603779,0.0686083391726333,-0.0496948219306281,0.0607031387237458,0.0348841073467896,0.0858642557342972,0.0785626395548604,0.0283734311325341,-0.00889792218483234,0.0333751284328462,0.0905707104353277,0.0465901087629055,0.0620208115838211,0.0805812145262,0.0345230357233759,0.086035846395888
"29",0.0513160595882606,0.0394949896482426,0.0141635534211432,0.0321460328960412,-0.0202101464336497,-0.0891950100959329,-0.177409825433101,0.0231133535511814,-0.0209443330292672,-0.0214974989852788,-0.261048235052263,-0.0136016951942546,0.0411878494206637,0.048634006306118,0.0307396524873185,-0.0637672810393988,0.0413717051686669,0.00945663913267402,0.027353858480809,-0.287841323526963,0.0316781439665885,-0.0861242866670258,-0.0234483425191524,0.0419760786936547,-0.0196568287077883,-0.000414641064191933,-0.0213584457558609,0.0185917122533506,0,0.0340717535755171,0.0154162220777004,0.0296595498113634,0.0215598582777904,0.0416674160340139,-0.0225564122890527,0.0233329690670296,-0.000804764447430089,0.0306085374585623,0.0347779940820436,-0.0148647726611451,0.0355495785440552,0.0195995093854515,0.000534641543197413,0.0510634959629499,0.0464629356415089,0.0296059130921787,0.0230404119785451,-0.0178515361089874,0.0314486710528013,-0.0390188585912698,-0.00910952640272933,-0.0541127940659722,0.0452431232439411,0.0280294160345116,-0.0900833329007271,0.0198233217679908,-0.00562543418021142,0.045402782503482,0.0385530207290744,-0.0119420653360876,-0.0487930055355771,-0.00683575620652061,0.0504549557044272,0.00700624984424228,0.0217116551416229,0.0407158039520208,-0.0056091700767144,0.0456619928532183
"30",0.0756219565852928,0.063582617558048,0.0387832065391558,0.0560238322685508,0.00449235188155019,-0.0652100743167325,-0.152919846636579,0.0478497970159514,0.003110412529788,0.00291715294687018,-0.235940634583181,0.0104066988512337,0.0653888788923792,0.0727240989533362,0.0548160784232766,-0.039082892643529,0.0653551567214006,0.033434318939197,0.0513075176729607,-0.263634162759648,0.0556587077374871,-0.0622072843659291,0.000563331901104743,0.0663751464288476,0.00440619787433191,0.0238965926968355,0.00313983626348492,0.0426083492288573,0.0644795709166227,0,0.0394176482225046,0.0541501320142459,0.0460301971281464,0.0660111804345496,0.0019259818738307,0.0476679593401881,0.0238239754643549,0.0545236870962105,0.0583413784059783,0.00925503501910071,0.0593939003159725,0.0437217489680471,0.0248516956922223,0.0746387849704459,0.0708353219648525,0.0532495487200087,0.0465662882057154,0.00637358934406575,0.0552145512331235,-0.0150871321341817,0.0152323536891543,-0.0299970489147709,0.0687218419080755,0.0525835822363588,-0.0659875608061165,0.0439521090199156,0.0185703470906417,0.0701047499528736,0.0627573706371435,0.0122864049774376,-0.0250922165398069,0.0172783163336956,0.0740294520824766,0.030846242090724,0.0457471747946323,0.0645680154378295,0.0185408880744698,0.0698819390760292
"31",0.0887212821764837,0.0769710558706171,0.0523217397071568,0.0698260313872349,0.0167548975794017,-0.0518906149560401,-0.140129450234368,0.0606998678334323,0.0163335105102954,0.0164480445959612,-0.223388685005593,0.0235957198051386,0.0783764921405423,0.0855369461855715,0.0680568244638443,-0.0266585611151801,0.0784649170102208,0.0465863478813025,0.0643067459792523,-0.250368831969511,0.0688844964499144,-0.0486326545408047,0.0139001278766299,0.0792934265049178,0.0182256966553359,0.0370602430162079,0.0161210350960053,0.0560376607563579,0.0781400399885898,0.07199671265481,0,0.0673993024709039,0.0589740261904321,0.0791170930642004,0.0147272103559111,0.0609252647891596,0.0368641801764886,0.0676862446972198,0.0713998222705817,0.0224873500677239,0.0728159540371379,0.0566828601140555,0.0376445081473932,0.0878042639418491,0.083964475355201,0.0667310123684409,0.0603481097443664,0.0192972996909271,0.0683736861402559,-0.00182315161421844,0.0280382207974536,-0.0173427143575832,0.081965175040577,0.0652960362394594,-0.0528987459662888,0.0574759283536495,0.0321136069226679,0.0830365824156037,0.075229820382223,0.0256351065467348,-0.0118033227267775,0.0302303422939139,0.0874715805183467,0.0437238573255095,0.0589703103897716,0.0777480733717215,0.0314955569665859,0.0833926030043434
"32",0.0716973433223013,0.0596405248919395,0.0343172109466747,0.0524501683585517,0.000477969642129462,-0.0690844635954136,-0.157051838682329,0.0435109869670902,-0.000804097091302208,-0.00108454253033887,-0.24041218561141,0.00633055114737363,0.0613207256214226,0.0685507706333912,0.0509656918912028,-0.043677428925355,0.0612559066523574,0.0291870341742095,0.0469280463345445,-0.267189836412338,0.0516178576461216,-0.0661802699410312,-0.003216739286521,0.062202669265786,0.000727655530932084,0.019921467069238,-0.00114979329716842,0.0384459225528417,0.0606931572830724,0.0548271305824116,0.0356665471486298,0,0.0419867369910591,0.0619356127106739,-0.00215349242760163,0.0440913709656392,0.0197769439988702,0.0508537276682894,0.0550302280787579,0.00499103452058456,0.0554479325837442,0.0398681256506865,0.0205989162509698,0.0708544267931507,0.0667906571406284,0.0497773454134971,0.0428914420204285,0.00244110180951447,0.0513279033903249,-0.0185816607356191,0.0109722980542813,-0.0340622395511814,0.0646117260012682,0.0488326790015941,-0.069909032203856,0.0399169798030253,0.0147920598946531,0.0659811454582268,0.0584999223420374,0.00856681894992905,-0.0291284567696861,0.0132598064193429,0.070461701318947,0.0272224898603857,0.0415445267526361,0.0604202691537642,0.0144510129860466,0.06586374804239
"33",0.0638441215711709,0.0520239542754253,0.0276298918336864,0.0449230759376273,-0.00730980946505793,-0.0766365594167664,-0.164412969524666,0.0361476114302403,-0.00828713796807986,-0.00850171368066737,-0.247624247782234,-0.000827744591564456,0.0536243542883836,0.0611315785752126,0.0434103094521499,-0.050737341488099,0.0539854059466285,0.0218994469201484,0.0400942272147565,-0.27492196442453,0.044413664656689,-0.0734061204049219,-0.0109049865943734,0.0546301963611013,-0.00649308815559317,0.012545662850669,-0.00840456511318715,0.0310744017062553,0.0535574507519893,0.0476129606369403,0.0280986509591701,0.0428144979000509,0,0.0544581859854839,-0.00957404324016024,0.0364908976753133,0.0118984803140316,0.0433409385176819,0.0473254480463665,-0.00233276188392406,0.0481589645489081,0.0322718727245952,0.0130823789471606,0.0636525069621437,0.0594693427166227,0.0423054062121395,0.0351742038412438,-0.00518935027508131,0.0441613317295359,-0.0260852522893949,0.00369561617246705,-0.0413644627521363,0.0576370499166296,0.041358156863787,-0.0773308983565829,0.0325558859174202,0.00743508827530897,0.0589526574943795,0.0509419708317177,0.000972271145614624,-0.036403410731684,0.00591816360382881,0.0627477674323302,0.0195475884911854,0.0344373472192137,0.0530931964735511,0.00721863026313618,0.0585038142632581
"34",0.0524073578557687,0.040491262837519,0.0152923666792729,0.0329362221473598,-0.0188115575813529,-0.0883929086982232,-0.176380118232857,0.0243204162691988,-0.0200656023769752,-0.0199617062018093,-0.259540135999055,-0.0127656077603451,0.0418912589543901,0.0494061125933676,0.0316846195195106,-0.0625215178753937,0.0424488397335618,0.0104908499053892,0.028009050225945,-0.287022133035899,0.0330228461377767,-0.0849271281664903,-0.0224868478738766,0.0432769194483012,-0.0185843809146677,0.000917257825172546,-0.0202022983506414,0.0194441232450444,0.0414755955312892,0.0355832890842205,0.0160126763979555,0.0309822409099868,0.0224836836730311,0,-0.0212666890309628,0.0246866121894524,0.000388958118653344,0.0313999810110406,0.0355600419298999,-0.0139718282952273,0.036336634177042,0.0207895890936937,0.00136177279068047,0.0512057842831938,0.0475635946732005,0.0308319499866082,0.0237120857022471,-0.0164911100282346,0.0321004865204911,-0.0379814098658771,-0.00823113543425676,-0.0532148265858894,0.0456938720102122,0.0294760413261569,-0.088692562976196,0.0207236523899138,-0.00422660806277124,0.0467522894791686,0.0395087913550843,-0.0106824972583661,-0.0481286383159087,-0.00602504132608318,0.0512858389313281,0.00793674416875767,0.0224698789531231,0.0419268571756966,-0.00467336880288939,0.0468720994115003
"35",0.117794323318577,0.105709165344916,0.081114819269409,0.0984081861472948,0.0461323048348015,-0.0227147746338909,-0.110805431559297,0.0894543392948295,0.0457660956871625,0.045449597754618,-0.19371526147825,0.0522195916337863,0.107086026910648,0.114532460956611,0.0966374949611427,0.00348170858519889,0.108088669710337,0.0756277317333669,0.0933233249402358,-0.220950305915405,0.0978144099074371,-0.0200515957451666,0.0428963700740788,0.108402856484316,0.04706089615522,0.0655159060266664,0.0451206283171131,0.0850403031753928,0.107209185905906,0.10058133284345,0.0811741312063618,0.0964645801937723,0.0881528052384073,0.108356482017205,0,0.0902139998183914,0.0656136032830904,0.0966000562607643,0.100605451808172,0.0512306867272599,0.101722531068629,0.0855829186968735,0.0673914972275929,0.117328781953018,0.112534822247931,0.0960458232103255,0.0889157671179267,0.0489607065761246,0.0970850057431602,0.0275783101534679,0.0568811728700215,0.0126177299919581,0.111494917537878,0.0947828880963309,-0.0239184294266557,0.0865398040515786,0.0610852397881417,0.111963669692525,0.104170792593738,0.0546901331031091,0.0171198046045699,0.0592354757120867,0.116937435756815,0.0729462945514106,0.0881806805191167,0.106456913430365,0.0606331660246655,0.112792415188057
"36",0.0662608933259825,0.0541804298750379,0.0289461442413393,0.0464605602451438,-0.00533960871082465,-0.0748307071264337,-0.16322834192381,0.0377416740388687,-0.00659933400733986,-0.00653405409901985,-0.246005884297195,0.00100069303802593,0.0557499585788716,0.0631206467680921,0.0453145169174122,-0.0486162857878392,0.0559174685160525,0.023929728075544,0.0416293533218484,-0.273265228300167,0.0463439817689442,-0.0714952527910856,-0.0089566857631222,0.0566056461485976,-0.00519331577234858,0.0141906508653569,-0.00640444966832848,0.0334225816925784,0.0551613785925893,0.0490458616770961,0.0298870107254526,0.0447507155697119,0.0363222957017345,0.0565402960579288,-0.00767038949841735,0,0.013729238363098,0.0453515640437058,0.0490552494404178,-0.00053149595737484,0.0499870130689968,0.0341686160730251,0.015367497547829,0.0653823934156357,0.0609916334516734,0.0441853364803037,0.0371126125172673,-0.003383819676138,0.045799797543879,-0.0241681506606934,0.00537984129924121,-0.0399203415408965,0.0597335347662043,0.0428442209931737,-0.0752530076299318,0.0348134942760414,0.00877485236441122,0.0603938827772798,0.0531702482329952,0.00276225957649419,-0.0345109196637858,0.00765506722488456,0.0640294914158636,0.0214989563427136,0.0363761775791581,0.055065173905321,0.00904457542753517,0.0604384086654172
"37",0.105381906653471,0.0935914698121551,0.0681965806087441,0.0858995930901048,0.033262270908274,-0.0358057843792988,-0.123603946054771,0.0773625437290364,0.0330915912728589,0.0328316732943934,-0.206688014244299,0.0399622682257881,0.0946507733310104,0.10264068562336,0.0842132362749574,-0.00977304838963805,0.0950275025876979,0.0628235515589354,0.0805520586468877,-0.233968803751924,0.0854342930415685,-0.0331501456624988,0.0305251575454196,0.0960576631107853,0.0339741205798482,0.0533457306308587,0.0319032369877845,0.0724916231073961,0.0944060939990798,0.0885566843377301,0.0690699915824461,0.0838405041029867,0.0751072120308713,0.0955068140227662,0.0317004699054251,0.0771833354216516,0,0.0832072081394548,0.0880153524356388,0.0382496234394631,0.0891296724348479,0.0731020712409592,0.0549237604506911,0.104470230111764,0.100025233516833,0.0835049966060539,0.0763381270523794,0.0357869451558927,0.0844475925030145,0.0144785506014569,0.0442025917496635,-0.000480036127515529,0.0984818437953912,0.0819152395045968,-0.0365122377873691,0.0736482649702024,0.0486201111270317,0.0990704013760431,0.0917609368219964,0.0418750039669361,0.00436514343298747,0.0468294304638054,0.103839236817634,0.060286917854675,0.0754800859186767,0.0940010967488592,0.0483669356320757,0.0998130000620934
"38",0.0720295157589115,0.0599530903298346,0.0357238767176789,0.0528334736027773,0.000842305390800389,-0.0688539581611338,-0.156676923894957,0.0444182806844107,-0.000613976029308833,-0.000296481666477147,-0.23988508359519,0.0068714310293602,0.0614652994320729,0.0695348726530693,0.0511786585901397,-0.0431207328618333,0.0617006723384743,0.0295624380759466,0.0477873492633416,-0.266614159448374,0.0524555053414981,-0.0654415263634975,-0.00244987715430556,0.0628873438474372,0.001085088081631,0.0206469289617206,-0.000561293482554299,0.0391202812787136,0.0615379213817172,0.0552267543757582,0.0358922477174504,0.0508261471083751,0.0424838235820804,0.0623946247132406,-0.00154805095805135,0.0445520400732932,0.0192928929497863,0,0.0556346231876644,0.00560146323759546,0.0558714768900152,0.0406058411629579,0.0211993219172296,0.0716633579341626,0.0668463601500402,0.0501399174770002,0.043317964081052,0.00269958158061482,0.0518642285051886,-0.0181298535729113,0.0115676090371293,-0.0338812321476202,0.0658300668300706,0.0491504989976853,-0.0695151263052699,0.0402638552982443,0.0148633814067947,0.0663304338703264,0.0587647026972014,0.00851424347361238,-0.0282048030771423,0.0135273995584943,0.0708085281299247,0.0276043015470909,0.0421638213039294,0.0608843189887129,0.0146101848818484,0.0664893928073574
"39",0.0754529545116817,0.0635781752890709,0.0391248276335955,0.0563265433056826,0.00410063664130341,-0.0649661415911421,-0.153073549923318,0.047803782966641,0.00323611820894275,0.00291008374123484,-0.236186675468383,0.010361739281389,0.0652476457017062,0.072454445398925,0.0547214456593782,-0.0391883080912796,0.0650309219330939,0.0332633099220992,0.0507342668593367,-0.26338071466659,0.0561647756860282,-0.0621387633829384,0.000545394741502036,0.0664252374086425,0.00439329044084435,0.0235455737388508,0.00306279139127927,0.0427897706988797,0.06512655245385,0.0584025159171928,0.0388766849405425,0.0544391664890847,0.045782018297441,0.0660809842958419,0.00190906709712713,0.047749487439763,0.023390049240593,0.0549397796530365,0,0.00888592263904339,0.0591269400161027,0.0442295346393019,0.0243589645735416,0.0748653435349599,0.0707027019684134,0.0542880599689963,0.0471207678225889,0.0063292171645536,0.0549898453199833,-0.0151812561407417,0.0150012487022556,-0.0300620083842323,0.0689170947895642,0.0521996688076278,-0.0658215971280588,0.0441583985432456,0.018996664560024,0.0700681334586647,0.0622799515912094,0.012083511570766,-0.024901888482304,0.0172692608151276,0.0742861933178779,0.03135827994703,0.0456121504913308,0.0645005901712115,0.0186925416515505,0.0703128248469936
"40",0.123347031140517,0.111628361006252,0.0870497790202386,0.103592514545294,0.0513742964405541,-0.017026407939919,-0.105096625136048,0.0954416361042395,0.0512780673176435,0.0514484513568287,-0.188527270839516,0.0580965192935907,0.11306910417202,0.120886575720275,0.102176665935072,0.00821594021007333,0.113496719153654,0.0812534161068082,0.0985019995893682,-0.215326881865852,0.103559960564024,-0.0145515068722368,0.0483844440561952,0.113947662736336,0.0527048617002492,0.0716559320136363,0.0508485529453975,0.0901544680613098,0.113219720485123,0.106245656667277,0.0874610742529844,0.102125188939394,0.0937443025850903,0.113785562610926,0.0504541836105857,0.0958111505245909,0.0709597860972235,0.102177866100683,0.106251532703773,0,0.107868030729065,0.0914834686789568,0.0730013539385601,0.123060581811932,0.118405505861183,0.101450533615139,0.0945351405313664,0.0540605854406395,0.103078847894787,0.032390073420638,0.062806084901267,0.0175795107618588,0.117102487597432,0.10094425958183,-0.01814199211901,0.0920322379270799,0.0664996086755723,0.117620562986508,0.110432004191298,0.0603214836374751,0.0225410964564793,0.0651238716604427,0.122118728947856,0.0787429979361569,0.0940124824486252,0.112140951816897,0.0656952120742619,0.117873820237404
"41",0.0764074464388736,0.0636992286889809,0.0394074582720174,0.057440362594821,0.0049266294617131,-0.0648085451985046,-0.152542902742609,0.0485630577062272,0.00380415361522347,0.00363888244045617,-0.235424399976452,0.0109405051725114,0.0659217916294062,0.0734144673411906,0.0555226890808953,-0.0388872300509125,0.0662906436380276,0.0341791483013463,0.051369837847271,-0.263073412358147,0.0564414141483483,-0.0618824884107236,0.00135003904687903,0.0667733238356749,0.00551421656932904,0.0244661528609217,0.00364119837000185,0.0430366876693246,0.065663214519772,0.0594982823632666,0.0401901571050312,0.0546908816555539,0.0466604978739063,0.0665740436752034,0.00241885435127551,0.0486357884268416,0.0241236220854184,0.0551199272845352,0.0591255914159344,0.0100190517683674,0,0.0443352618268656,0.0254899959341666,0.0758186419954002,0.071436894998395,0.0541800563929671,0.0477336928308388,0.00691344923336845,0.0557477909047156,-0.0141761723910833,0.0162319131362901,-0.029196365914615,0.0696668799988861,0.0534382378121755,-0.0655100719323536,0.0444544039478809,0.0193385327217675,0.070693519095427,0.0632938981717941,0.0131383123958283,-0.0241966158950685,0.0175997333309483,0.0746218411756034,0.0318389992179208,0.0466109970340545,0.06557212474129,0.0190731067591315,0.0706818286486846
"42",0.0930419527216052,0.0804633472471296,0.0563020428693152,0.0727784206735315,0.0209750247556563,-0.0480739354397548,-0.136199930881811,0.064003860708976,0.0204580798613409,0.0201277556836293,-0.219522562622139,0.0272047929350748,0.0820165177606785,0.0891471110169577,0.0717166837093856,-0.0220833148797003,0.08243364832021,0.0504765337823946,0.0679827704698415,-0.246619862796785,0.0730748854481835,-0.0451113850042391,0.0181527577019469,0.0829678192456584,0.0210030575206231,0.0410498789486552,0.0199561129594528,0.0599013755050557,0.081523909715789,0.0756526496614505,0.0561025092917358,0.0710173202496538,0.0623791740547224,0.0829410661708048,0.0186953095327969,0.0646461747477194,0.040253256214933,0.07171478864629,0.0761587314969441,0.0259843976642666,0.0764137640431987,0,0.0411202304367594,0.0918069965266138,0.0879298938609992,0.0704702547615416,0.0637524004128033,0.0230566002902417,0.0725613562633902,0.00195157543622684,0.031998962352325,-0.0133771661084837,0.085814189907176,0.0692939696609638,-0.0487038890607493,0.0609395133532,0.035920200680786,0.0867147418462118,0.0792490649999269,0.029391936515063,-0.00841663789083684,0.0342194355456489,0.091451286902857,0.0479056252452458,0.0627229204151141,0.0816632240001552,0.035199599941984,0.0871229912876417
"43",0.106876365531906,0.0947014870354575,0.069966963880597,0.0875963264974495,0.0348429979203471,-0.0340971802742992,-0.122006501546962,0.078482194329248,0.0344304678152837,0.0342558845725259,-0.205760007246094,0.041461291265586,0.0959544140816263,0.103823992963891,0.0856409421215065,-0.00838741116190802,0.0969669572571111,0.064618060000965,0.0822565469941814,-0.232122470615792,0.0865332825739471,-0.0311833330932061,0.0315126807444315,0.0974647900233404,0.0358019051914581,0.0548761887310161,0.0338237313071292,0.0741324232128526,0.0960958128886939,0.0897878739014423,0.0702908115649444,0.0851480397029317,0.0765437658238678,0.096993164580757,0.0333690087474176,0.0791331804087142,0.0546491923297521,0.0856389517161557,0.0894462539701851,0.0399769735888122,0.0907778640372063,0.0742355714842337,0,0.105858466022253,0.101884828813865,0.0847381396773739,0.0777849001016099,0.0374075099024996,0.0857825512985916,0.0164504462579397,0.0457193054850624,0.00102889839829019,0.0999760580426219,0.0834615271090973,-0.0350905226425065,0.0752839143713312,0.0491740453112235,0.100718025836395,0.0930868836644447,0.0433503373580568,0.00588728539411229,0.0478055407346181,0.105099643823314,0.061789217332904,0.0767946101169939,0.0953087894189065,0.049430850026153,0.101111292046178
"44",0.0596413384995967,0.0476126692234034,0.0230307584619142,0.0407946997579179,-0.0115122844433384,-0.0809190442965175,-0.1691191906096,0.032448787266298,-0.0125798754753086,-0.0126683991121893,-0.252036115114511,-0.00534208352516174,0.0494360809285543,0.0570637067022662,0.0395765251491827,-0.0550429827102665,0.0502331299944897,0.0175313561127484,0.0357303914751867,-0.27878080264487,0.0400368926911216,-0.0775459092501327,-0.0149198843502933,0.0506075890646842,-0.010980747664755,0.007864033762926,-0.0126187009238002,0.026889311974024,0.0498083192522163,0.0430787936970713,0.0236336317879038,0.0386408316943214,0.0303013111442344,0.0501051193216217,-0.0135166439585935,0.0322682854109328,0.00792979481602189,0.039311646611045,0.0431848962909043,-0.00620299591202194,0.0442917237366328,0.0285836046299012,0.00891681923380622,0,0.0547548416302685,0.0386486997440779,0.0316042945953131,-0.00912307427810688,0.0396507535446409,-0.0301600378848707,-0.000351700937867532,-0.0457388032196485,0.0537697565233489,0.0368801552355614,-0.0813462152396031,0.0285179475413765,0.00336863702666841,0.0543075745348659,0.0470631364299613,-0.0030601891932987,-0.0401685165782282,0.00160930179766049,0.0589082334126245,0.0152156048497974,0.0300012701477429,0.0492123899556939,0.00326608914807378,0.0545696284588515
"45",0.0562238479837725,0.0445233841564366,0.0195466893786793,0.0373372296402135,-0.0148896710961919,-0.0844509987335476,-0.172474482085788,0.0285139734704615,-0.0161902075877299,-0.0160684163299429,-0.25536696839885,-0.00909710621509807,0.0462399067216033,0.0536776794352292,0.0357948800705185,-0.0583386645720065,0.0467267550333724,0.0140280304689486,0.0321499935880289,-0.282642925248798,0.0369655593833488,-0.0810926047881219,-0.0187946354688858,0.0471769651810044,-0.0145299782112,0.00473424404723305,-0.0161078697045336,0.02365518399941,0.045827161203852,0.0397426628990484,0.0204270370253539,0.0352094136287104,0.0267730116027177,0.0470387275528027,-0.017683495230514,0.0285786896214136,0.00428640642185961,0.0351932619184324,0.0395958317511898,-0.0100483797657016,0.0407145594104056,0.025296375032013,0.00576508013827061,0.055406469621685,0,0.0348955611611931,0.0279945412713446,-0.0127652108937371,0.0359443354499174,-0.0339543909726646,-0.00420144012481087,-0.0488127222885522,0.050225301661213,0.0335607456467585,-0.0844148236534138,0.0246504542763949,-0.000434407974465469,0.0509620069215814,0.0437487817061597,-0.00666672356809729,-0.0439619951526624,-0.001975232366784,0.0549851757404719,0.0120775239766349,0.0267778166478069,0.0456598325056154,-0.000302040414300745,0.051166553821036
"46",0.0709063242505273,0.0593732632495555,0.0351463690308231,0.052160563105152,-0.000399048669392571,-0.0695577454495232,-0.157849579652709,0.0432201000909053,-0.00125172220042653,-0.00138864408208809,-0.240774619554954,0.0063055736019414,0.0607923685846608,0.0686326541695072,0.0503276416162512,-0.0437372722687958,0.0613040707912422,0.0287264324892103,0.0468597590897219,-0.26784738139268,0.051664101371676,-0.0662004313257315,-0.00357237768064398,0.0618154467570609,0.000124619422127202,0.019648259733809,-0.000946549893064052,0.03844229924265,0.0604236103325584,0.0539978287608763,0.0348197361905146,0.0497830743178088,0.0414978527804602,0.061789939579703,-0.00242552156140225,0.0434800718657478,0.0193055658864848,0.0500958234558286,0.0551203222988111,0.0045206963668875,0.0547350722841595,0.039244519673918,0.0202298548609261,0.0708510590181376,0.0663649876485027,0,0.0426434935361523,0.00228221623571573,0.0507862863526134,-0.0190674212980886,0.0106558686958959,-0.0341211672098364,0.0646317588949543,0.0482923386848264,-0.0700383671244848,0.0391116157045963,0.0142507369148595,0.0659715432663528,0.0584354725177055,0.007958248270451,-0.0298233059313192,0.0132015477127984,0.0694517003421611,0.0264697110404694,0.0415086866907192,0.0600737598363654,0.0143020369706349,0.0657594352355543
"47",0.0650111007243685,0.0533538185221611,0.0282724317387353,0.0457429381194824,-0.00610216308719177,-0.0759097525517564,-0.163524557770484,0.0370551006632779,-0.00753515077223716,-0.0071874045548726,-0.24687037289663,0.00031958581667586,0.0546462702547025,0.0620779913649984,0.0445804694752868,-0.0496798001689501,0.0552006171615753,0.0229089515916812,0.0406441752458782,-0.274157642851002,0.0452534143631646,-0.072466411910251,-0.00966795422769789,0.0555206778790668,-0.00569958946194701,0.0131294548201042,-0.00761371433164969,0.0322513823866553,0.0546481500548693,0.0480202662243054,0.0292384089810489,0.0435617609460685,0.0350419610465555,0.0553264325530926,-0.00888533648564385,0.0371746075665758,0.0127259140226929,0.0439593119890669,0.0484978026287584,-0.00171792981048751,0.0490082766535674,0.0332829115014038,0.0139751953826437,0.0645127736429914,0.0602459805144239,0.0433389544432005,0,-0.0039980403988982,0.0448500594920346,-0.0248263622325604,0.00471240780798388,-0.0403125548204694,0.0581562137593254,0.0421742466002164,-0.0762824374169958,0.0330478720500613,0.00828591003460192,0.0594922675783167,0.0520623966484287,0.00190270940508465,-0.035184596668515,0.00665770757298978,0.0635709269318991,0.020415554025988,0.0353558904532724,0.0540698864847743,0.00789939192798595,0.0594866668349798
"48",0.121707780740866,0.10937389731183,0.0844466305814672,0.102070928357201,0.0494164222363595,-0.019380647880925,-0.107572688472402,0.0934371972895873,0.0492358665222328,0.0487538836420327,-0.189823492946833,0.0558564236505982,0.110637293605085,0.118253686778912,0.100208215634207,0.0068702719290587,0.111332447807855,0.0791325954445911,0.0968999237445332,-0.217869616669347,0.101947664882723,-0.0162635117751573,0.0461567468750712,0.112445343684191,0.050541224994634,0.0696397491539213,0.048307371098297,0.0889430263256609,0.110841352377423,0.104293477301197,0.085072878704499,0.100226176448758,0.0915965223407522,0.112241908896517,0.0484259923273939,0.0936348460094829,0.0691475911741535,0.100085352973207,0.104237935396941,0.0544801098797327,0.105405041608717,0.0892207837702106,0.0710294379490457,0.12077134320829,0.116456052544278,0.0999639145592681,0.0929109164775783,0,0.100775621513873,0.0306094723104074,0.0606969532283482,0.0158630186111065,0.114770006711138,0.0987667697841513,-0.020040357721792,0.0903060884107455,0.06412963223414,0.11553741353701,0.108228869043693,0.0584406631703044,0.0207143323944525,0.0626442600723198,0.119553449942701,0.0766872980750091,0.0914850510348877,0.109901218225914,0.064285408444737,0.116214476149156
"49",0.0719515578903186,0.0607040568343942,0.0357040061207908,0.0538875221004845,0.00120799264239387,-0.0683752986175046,-0.156371126910875,0.0447902404777517,0.000166828990398518,-0.000304262023413028,-0.239252470043383,0.0073884898548076,0.0621411400281161,0.0694394380447615,0.0518458724124106,-0.0418297186727112,0.0624462974423096,0.0304952114521346,0.0480949933944966,-0.266778241075096,0.0530205441271048,-0.0648347182586619,-0.0019575330691065,0.0630690441780395,0.00117432080204801,0.020250443891468,0.000131374091073516,0.0399255300185694,0.0624080389714572,0.0556478498990943,0.0363732734614481,0.0511642448182973,0.0431312370505435,0.063095583336834,-0.00133216693544061,0.0449361842760457,0.0202998141311009,0.0516325149020109,0.0555089035319956,0.00624981664820423,0.0562463580792543,0.0412746975250677,0.0214498705218872,0.0718733797135662,0.067557887509675,0.0505793979211132,0.0439384208573942,0.00308035692659124,0,-0.017517429827951,0.0121590190233425,-0.0328557725849624,0.0661792555407105,0.0493280556751201,-0.0687053223600751,0.0408543982444635,0.0158326186244199,0.067395032067877,0.0595864830398142,0.00922893270944315,-0.02808444502161,0.0139856331909312,0.0710686653195785,0.0277400363041633,0.0431861237445134,0.061618202405512,0.0154200320345674,0.0672132543105308
"50",0.134400226724906,0.121993247121834,0.0976882092626371,0.114818536888419,0.0624124960939102,-0.00657362437114487,-0.0947453636018155,0.10633122606056,0.0618876464359946,0.0617392439892259,-0.177793247797847,0.0688000245700283,0.123733112016531,0.130986873219794,0.113258036875016,0.0195567554657664,0.124536701788527,0.0919766478013642,0.109415534236785,-0.204605659742494,0.114263093910858,-0.00366238534031761,0.0593136433417395,0.124742053900438,0.0635133375026264,0.082697040346902,0.0612186138949605,0.101423501602812,0.123996858147588,0.116687106691259,0.0979517813646137,0.112862236045345,0.104388471572024,0.124426419626996,0.0615053879486344,0.10657793023997,0.0818575650034929,0.113059517520097,0.116973332076916,0.0670162198587813,0.118538629028518,0.102159367853662,0.0838717981983881,0.133740147422635,0.129177885190438,0.1122183166722,0.106063924121544,0.0653011066450375,0.113791377420748,0,0.0734437461941991,0.0285523081894283,0.127428665495477,0.111347166706557,-0.00750504301458811,0.103297325243034,0.0773302978245023,0.128097436844105,0.120798066182578,0.0709247244564153,0.0340106559258718,0.0759821717839221,0.132992941725487,0.089634364192616,0.104419783820525,0.122797839100747,0.077031636622719,0.129020575302112
"51",0.0978662945004351,0.0858801465701121,0.0612556268928606,0.0785513486177301,0.025844719495429,-0.0430053697304362,-0.13107318072493,0.0693056426353728,0.0253763642235509,0.0251715891652307,-0.214162093822249,0.0324184506562539,0.0872951672605169,0.0947690427145315,0.0766201667926079,-0.017303260548634,0.0876042496087465,0.0553438116483987,0.0731153963190111,-0.241328388620962,0.0780715907888591,-0.040102540767139,0.022641073085564,0.0884966708495324,0.0267331476134228,0.0457888871991384,0.0248145435109847,0.0646202499961985,0.0870690934132881,0.0808060830985452,0.061154318281385,0.0760211045224081,0.0678862995773,0.0879781120928598,0.0241874453866868,0.0697954626608928,0.0450876173101256,0.0765319720948422,0.080601602924142,0.0311778730837669,0.0823567424138966,0.0656962669131983,0.0468386818240785,0.097171689197521,0.0925197392215659,0.0759634918005139,0.0691877767398602,0.0284638720970002,0.0772711867985914,0.00710224436055531,0,-0.00788591951603163,0.0911494787228691,0.0748329044495013,-0.0438473015630497,0.0660059898382118,0.040737551948511,0.0923978420403579,0.0843196964357915,0.0343618629052677,-0.00297164192456743,0.0392083687772998,0.0963629755029866,0.053374330745015,0.068079791336607,0.0866140944370001,0.0400534183976603,0.0924323671188177
"52",0.153480953538982,0.14111483829768,0.116095027991803,0.133209303433305,0.0818934080583934,0.0124641570210226,-0.0756949772120645,0.124684122297937,0.0807982657599412,0.0805766071777003,-0.158434596347134,0.0872567968753146,0.142264236923648,0.150110564631935,0.131899854136055,0.0381897790611689,0.143278109414959,0.110647212125753,0.12838217666365,-0.185964196022162,0.132949656707309,0.0150340819190832,0.0779798660998423,0.143838372996236,0.0818986026024629,0.101855372538984,0.0801305801440322,0.12012161783428,0.142792228931636,0.135949505214033,0.116851390558359,0.131435249484076,0.12304836376218,0.143345169500557,0.0803465892521175,0.124888395927439,0.101129262795302,0.131315540805166,0.13629504529509,0.0858308029395092,0.137898878916479,0.120707360713971,0.1025421151961,0.152243996012053,0.148097222349572,0.131182966749523,0.124581564296839,0.084211954758474,0.132341545157493,0.0626878483177773,0.0925853602309966,0,0.146198899273069,0.129614776838225,0.0117217516418871,0.122121929388508,0.0962328062120791,0.147126541505029,0.139672997002496,0.0899957447779873,0.0523557694748776,0.0944461726843587,0.152176709042534,0.108677395145972,0.123379107234374,0.141591259360336,0.0961011966671887,0.147449039390651
"53",0.0549661786951235,0.0428293531383099,0.0182661153935428,0.0358133818939367,-0.0160420470976261,-0.0853726316109879,-0.173626992144953,0.0269507201013143,-0.0172199446578446,-0.0172017416009781,-0.256765086977942,-0.0103266080259894,0.0447436541291446,0.0521665438446571,0.0345235198899705,-0.0599625004410797,0.0453716674755844,0.0130429273320169,0.0309158044531259,-0.284122040714932,0.0354699843346089,-0.0822360934446484,-0.0196436785107459,0.0457700011176735,-0.0158439145362285,0.00327870216668588,-0.0178176040667511,0.0219942219202949,0.0448305683194361,0.0380848468565204,0.018695544949266,0.0333885209723137,0.0254620306298374,0.0454038858132197,-0.0184460846855457,0.0276459808524327,0.00285699281430107,0.0345497175564598,0.0383248020746081,-0.0108523856446099,0.039095421577012,0.0235076166214712,0.0039779043796108,0.05460602489712,0.0503305461388508,0.0335179531516208,0.0263206587802566,-0.0141511990536181,0.0348888703419242,-0.0353412633197397,-0.00534854487085876,-0.0505434951052085,0,0.0321041366550792,-0.086173225760194,0.0236455193997632,-0.00182299300460886,0.0491729638597813,0.0423058060308494,-0.0080470313725278,-0.0454424832117357,-0.0035086233548028,0.0537559352814859,0.0106938852010481,0.025416636025885,0.0444664803981078,-0.00217434140923634,0.0499422507293341
"54",0.0701421888580359,0.058175621482365,0.0328627704743253,0.0510498086525044,-0.00113026752577835,-0.0707811207405293,-0.158890256271643,0.0417913337340156,-0.00225949901818025,-0.00261894817961392,-0.24167832145679,0.00501389553793384,0.05939975389862,0.067053978693613,0.0494655227155135,-0.0449737959369916,0.05964511527496,0.0277387481379421,0.0457254725036136,-0.269025010463236,0.0497892028721205,-0.0676218141019836,-0.00479028810508833,0.0606015987910255,-0.00103672348608883,0.0180230160052043,-0.00293904593492871,0.0372611117319505,0.0591328060468169,0.0533932547854443,0.0336195226609883,0.0487466444454914,0.0405996999732595,0.0606347141471675,-0.00373153726089375,0.0423281774351714,0.0178944224541646,0.0491880959302536,0.0530212187034027,0.00390728507237738,0.0541337334835668,0.0382141634914903,0.0190749868854571,0.0691840059614705,0.065286231708688,0.0484123821934932,0.0415768580026896,0.00110774896825975,0.0496321041286483,-0.0199316235541984,0.00978887003331173,-0.035660962070407,0.0635278324145004,0,-0.071396396360109,0.0386849354484502,0.0131105033684667,0.0647331930281369,0.0570149017308199,0.00680192423756182,-0.0310261817247478,0.0117404956411958,0.0679815955322632,0.0255435793182304,0.0405006515283783,0.0592399346606655,0.0131580098192397,0.0647743490080496
"55",0.187199403363419,0.175350575244674,0.150458573185435,0.167649910182915,0.116090113282093,0.046801772301754,-0.0408933537443805,0.159414257963665,0.115292026295565,0.115160708523448,-0.124158994998466,0.1223731388229,0.176962219127638,0.184304247338257,0.166139895404453,0.0728328377797528,0.177520680949203,0.145265737605927,0.16265486682625,-0.151185367094213,0.167362881387964,0.0490732882800187,0.112103944360433,0.177992870203561,0.116456847155941,0.135918719828819,0.114370535932737,0.154053383422343,0.176785919724776,0.170256609136281,0.151579967696045,0.165669945264231,0.157347568141545,0.178052326295971,0.114190679188473,0.159885260323803,0.135580857910201,0.165860466663184,0.171011831104764,0.120811392663985,0.171975288642319,0.155340312759396,0.136589526676424,0.186550375414809,0.182774703220452,0.165609391764287,0.158796077016401,0.118239289047483,0.166696613993485,0.0970006184540675,0.126785261360319,0.0817890364535613,0.180835512741189,0.164168896804372,0,0.156866113701481,0.130540430031994,0.181339609330116,0.174011091200916,0.123952949773223,0.0873074722427822,0.129229553999148,0.186176086575373,0.142997880875848,0.157323757352016,0.176211978042021,0.12994594869892,0.182128981336054
"56",0.0932415373201835,0.080911891493433,0.0562445313274522,0.0733791268870387,0.0212451727800837,-0.047353772969466,-0.135647383099926,0.0649052913775792,0.0204573433313045,0.0205574919318723,-0.218546393056547,0.0280529889577187,0.0827539877421309,0.0895082780045627,0.072144206358176,-0.0221144759339954,0.0827086154193682,0.0507219267952842,0.0684745542600061,-0.246293728052591,0.0732692101819179,-0.044617970284989,0.0181763624762613,0.0837790711139304,0.0221153719394702,0.0411393295139589,0.0198815704833757,0.0605989611779426,0.0819368216512169,0.0760388410042653,0.0568508411490242,0.0712845485373159,0.0631432305481495,0.0831153007190786,0.0191580298163523,0.0654389386156112,0.040517983892184,0.0717086067499572,0.0762067133464249,0.0260698399975387,0.0766653415231469,0.0609358437115593,0.0419172492281104,0.0920792122902109,0.0877600026004873,0.0706713873169972,0.0639551876521904,0.023743610445416,0.0724992461941116,0.00262434813666929,0.032127178373632,-0.0125917412506481,0.0862401594807608,0.0698466669692524,-0.0485858303159463,0,0.035757093922097,0.0870383240180136,0.0798790139322949,0.029652704426194,-0.00795747376127046,0.0345212160212192,0.0915096688819936,0.0485233131053941,0.0635589720743245,0.0817235396805212,0.0360481989051091,0.0875623893244318
"57",0.100491047172941,0.0893766981593816,0.0646596210662471,0.0818071606630152,0.0291582712856548,-0.0394387951300308,-0.12730821168512,0.073347654199905,0.0285669626185762,0.0285844351138136,-0.211247650206981,0.0357709756754869,0.0901752354545003,0.0980471915933087,0.0798572995058273,-0.0142649443080718,0.0909236210851072,0.0587103650930406,0.0762656805264057,-0.238650730941704,0.0809919805574107,-0.0371588797214174,0.0259590395365948,0.091674184563326,0.0301024511829726,0.0491880780628638,0.0280563797366417,0.0682168363899359,0.0900879957367894,0.083935295590181,0.064846908368049,0.07958473344644,0.0711994561322891,0.0916211398498729,0.0277406159544379,0.0729977761917055,0.0491383658240995,0.0794315439908613,0.0843530844609826,0.034238461997737,0.0849670708540119,0.0692114243937302,0.049863188465268,0.100412860825568,0.0958972858173308,0.0791884412001696,0.0724081197305447,0.0313952067293763,0.0805065355085586,0.0105591182876672,0.0403924184093282,-0.00476329074600819,0.0942432025628243,0.0777609258418519,-0.0406549648268685,0.0692446226167824,0,0.0950790877556434,0.0879901055352551,0.0375024779114662,0.000162485562325047,0.0424807426366139,0.0998233630389796,0.0563940097976302,0.071439344052924,0.0898419040376006,0.0433883406139673,0.0958484475225766
"58",0.0553389490953568,0.0437082516283565,0.018768150419224,0.0361852432725726,-0.0152639674037489,-0.0851709831769428,-0.173175160229328,0.0278722705316617,-0.016824430897603,-0.0166808949386148,-0.256420875466918,-0.00960225561707668,0.045096514492924,0.0527022516788008,0.0350156207781716,-0.0590419704433123,0.0458363853204265,0.0136646764554979,0.0313520178412855,-0.283207773567979,0.0356957052298926,-0.0817487325122707,-0.0195636292379998,0.0467874028813732,-0.0153178277349312,0.00385800199022713,-0.0170833184082232,0.0227289235091221,0.0448715322901295,0.0388659458916917,0.019596855154377,0.0341872164280537,0.0261578887625264,0.0463555067085435,-0.0179808609820204,0.0278017286683997,0.00357535157740776,0.0346625227058251,0.0390332996123049,-0.010594848599272,0.0398564278864475,0.0242808156314059,0.00489795598313861,0.0550029736395553,0.0509729220502191,0.0343693279688146,0.0271596673058388,-0.013437196807792,0.0357229388957747,-0.0348450838722905,-0.00412958846429051,-0.0497289566187609,0.0490753983171439,0.0328693696433755,-0.0856320793803053,0.0241982214487894,-0.000966276655632065,0,0.0429513793087252,-0.00767211837995762,-0.0447983694167041,-0.00282086278693049,0.0543917284675616,0.0114094409805057,0.0260667952719341,0.044913163101202,-0.00101088869344166,0.0505622404304049
"59",0.0489880374851041,0.0374175874379169,0.0125455008117667,0.0301913371862542,-0.0215929975884764,-0.0912819314486349,-0.179219736334555,0.0215946860658932,-0.0232523157952508,-0.0231686157009586,-0.26272667230086,-0.0161207858494563,0.0389432733038565,0.0465689268084669,0.028619245476742,-0.065409936697352,0.0393667358813724,0.00712689903343829,0.024671517410242,-0.290077991959746,0.0293215998826,-0.0882681775812816,-0.0255491060969162,0.0399847849256669,-0.021563636253468,-0.00251133984177735,-0.0234184640274575,0.016535794631113,0.0387861500428294,0.0327176329913603,0.0128533208876448,0.0279836343858796,0.0193305757643048,0.0398064520776831,-0.0246952709725092,0.021711556946122,-0.00281235900535178,0.0282726557637872,0.0321835225483991,-0.016869664062572,0.033510123104303,0.0177684379068931,-0.00191710419729141,0.0484929571158998,0.0445399521384213,0.0280005396191668,0.0208345661814648,-0.0196769586096425,0.0289912571211536,-0.0411769328818883,-0.0112315585251,-0.0562673048866916,0.0429354829670204,0.0262875342735799,-0.091930797559595,0.0179610763741501,-0.00713206623126881,0.0437113208359576,0,-0.0139450664913612,-0.051150734963033,-0.00921916456716898,0.0477166021481226,0.00445593108391455,0.0196145138448095,0.0384304545744347,-0.00732072655333191,0.0442213416152967
"60",0.095394835972284,0.0835751747847727,0.0586842067340036,0.0760976636726935,0.023549301435943,-0.0451284998213528,-0.133544477015705,0.067254186792787,0.0232694373410045,0.022950021568372,-0.216458665564847,0.0298101972807218,0.0845263041150615,0.0923485310921501,0.0744066783996228,-0.0196540707295036,0.0852607685803182,0.0532056777328473,0.0706701272548238,-0.243759118901146,0.0752264077577238,-0.0424557741470397,0.020483828978157,0.0861507994067834,0.0243409558458743,0.0438300430072937,0.0227740489800434,0.0623513219554791,0.0845921971552725,0.0782351769048582,0.0589588952208095,0.0739923482563873,0.065352125424269,0.0858850222878912,0.022173104540642,0.0675424599807878,0.0430118604206222,0.0737931023597962,0.0780233208478763,0.028850299730896,0.0793755473390506,0.0632559623355344,0.044779486680908,0.0947022252986935,0.090444828852087,0.0734867595564635,0.066739044906815,0.026420101218639,0.0745932152395491,0.00485285409914583,0.0346159499749285,-0.0100730556960089,0.088943570450514,0.0721394365841123,-0.0464851399700746,0.0638484694694291,0.0380227211576681,0.0890990094499273,0.0819654383386457,0,-0.00534390749785626,0.0368526308376894,0.0940595703695372,0.0506240523391493,0.0656271130328066,0.0840544110153413,0.0381580540052531,0.0897753234132924
"61",0.157825972162434,0.145400829020612,0.120403174357195,0.137902370289184,0.0859456670355202,0.0167357228816976,-0.0710870990774865,0.128737734236129,0.0855060059691687,0.0849392043927431,-0.154479330361353,0.0921287635452412,0.146843378789999,0.154585009863806,0.136253368434779,0.0426379530055543,0.147803642096397,0.11518791739318,0.132366500974705,-0.181762902884491,0.137571385030563,0.019239838729017,0.0827256401049642,0.148043832080223,0.0862440352287591,0.105912185501329,0.0846585810267974,0.124402184786005,0.14746165908554,0.140122531127261,0.121653350596441,0.135808303327751,0.127200932879016,0.147727347483547,0.0841406569239844,0.129619026278972,0.105212433521237,0.136245536850292,0.140888422080706,0.0902243931420951,0.14214313766599,0.125057300625642,0.106848497272822,0.156981605033764,0.152619285024637,0.134958777997287,0.12894570466901,0.0883451426369173,0.136498235602446,0.0672392272261465,0.0968988054533175,0.0517618682427136,0.150682309540682,0.133627394328437,0.016158168520917,0.126192613191733,0.100574299344495,0.151298734939056,0.144080562456904,0.0942864712811576,0,0.0985952441720048,0.156719049386222,0.113115037049852,0.127924562262966,0.145906488755067,0.100575788317321,0.151735447044368
"62",0.0995958327005674,0.0878342963346279,0.0624541951864035,0.0802558087217359,0.0275310160611821,-0.0409133692913132,-0.129034118073269,0.0712564310244973,0.0274065954606125,0.0269211033850259,-0.212615156643671,0.034245956985643,0.0893031339301921,0.097077965244332,0.0785716258090497,-0.0153250017650035,0.0894853069221664,0.0571310622358577,0.0751266624205823,-0.239528606750371,0.079989407856103,-0.0384759825641788,0.0248832327552789,0.0902416843227987,0.0287467862106841,0.0474604509068628,0.0268361185487415,0.0669089040165727,0.0891885276595119,0.0826154135146,0.0629953031940357,0.0780764615614399,0.0697515132141831,0.0899470483847739,0.0260807836316225,0.0718107792902706,0.047579056847692,0.0781877639900176,0.0825896404709467,0.0330380339719627,0.0832359560533599,0.0675371806415759,0.0486844254366206,0.0987873702242914,0.0945024018757321,0.0781860602477081,0.0708920841878339,0.0300982721949531,0.0788627781393773,0.00927501395628738,0.0389313601557254,-0.00615242847626536,0.0930649358155528,0.0765346466210759,-0.041680508747456,0.0682734676278733,0.0425976112082271,0.0935174769656678,0.0862256314847997,0.0364593014977726,-0.00139034807066443,0,0.0980409548126971,0.0549363613781505,0.0698400731830063,0.0888032044669126,0.0424591476163466,0.0942471044022615
"63",0.059379968022899,0.0475954564888682,0.0224473754622303,0.0403384229621675,-0.0116726304261647,-0.0812772606963724,-0.168891067580294,0.0317408717527518,-0.0127915611027512,-0.0128075845155649,-0.252604049130057,-0.00565149824610102,0.049405984493018,0.0568760203595601,0.0389451787192834,-0.0550122473345995,0.0495760510588336,0.0172481714666777,0.035252894673477,-0.27937062460145,0.0400508966255454,-0.0777479463256367,-0.0157644673075301,0.050359616481071,-0.0113438531781801,0.00786404199395195,-0.0133086042754617,0.0270685989580664,0.0492549899608683,0.0426414401604537,0.0236679051883413,0.0385345504947109,0.0298553398143181,0.0503963864418199,-0.0139421009869156,0.0313311828810664,0.00764746286778208,0.0388421339821534,0.042950726845529,-0.00691143856322644,0.0434803521481473,0.0284118420769411,0.00852484580798069,0.0589209831868438,0.0543930956156404,0.0376503924858357,0.0309252984160173,-0.01028651006383,0.0391415336059998,-0.0312233216808889,-0.00086606394904979,-0.0459108001826691,0.0530164975046071,0.0359220809303017,-0.0817891778465322,0.0280861307274583,0.00316232799500477,0.0538496232610765,0.0463956314954381,-0.00355636045176406,-0.0407686827643833,0.000963255117398098,0,0.0157674978122134,0.0298767729380645,0.0489653565369564,0.00216323145204031,0.054612456899363
"64",0.111600359526784,0.0998016266555895,0.0750804410384626,0.0927700865176338,0.0397944274068314,-0.028458705865951,-0.11714055098835,0.0834934209136151,0.0393988681572896,0.0390997463223956,-0.199951901149056,0.0466976757104835,0.101178604199365,0.108743039791529,0.0909359612151209,-0.00304516144381089,0.101471473326461,0.069499720085443,0.0871137999097214,-0.227385666277804,0.0921978919444867,-0.0262619251225993,0.0368368524629725,0.102555120478113,0.0408832839670348,0.0597914093553428,0.0390231602367403,0.0785412533828838,0.101175426993448,0.0945776236651847,0.0750488685492276,0.090488012641929,0.0818109372541252,0.102229567426777,0.0380978832809303,0.0840098736011493,0.0591998144285122,0.0906369087939054,0.0950657027424145,0.0448922358046506,0.0958507955397236,0.0797087674238576,0.0609599613681123,0.110922245603738,0.106827422714638,0.089859726388893,0.0830377006378642,0.0423172028609112,0.0909383874187629,0.0211995216439561,0.0513254387627855,0.00608504858407399,0.10535049681403,0.0888139277127829,-0.0297766517920091,0.0805710753567845,0.0547451591955401,0.106033476465873,0.0981095500148472,0.0483623623502097,0.0110176640044782,0.0531324271492784,0.110934581223587,0,0.0817890650562109,0.10078901320372,0.0545593402058842,0.106170133388973
"65",0.0641831267606733,0.0520485235902477,0.0274406754743738,0.0450240771968736,-0.00737167949165706,-0.076606473956236,-0.164674405106374,0.0360988587045652,-0.00834780162294771,-0.00847575735524847,-0.248081294242331,-0.000951735510557125,0.0538813586009441,0.0608928924270242,0.0434845395502775,-0.0513425561369572,0.0538230117361392,0.0216916924783878,0.0395050606068478,-0.274892177798486,0.044188518313143,-0.07345560188163,-0.0106025065911433,0.0545774829314638,-0.00700878431999235,0.0122044516796775,-0.00853984578134055,0.031361413026971,0.0537056892087215,0.0472499290087952,0.0279762539437913,0.0423803402950426,0.0344307475669584,0.0544104537756717,-0.00948072985077707,0.0365313628345597,0.0119871317425102,0.0429289069725992,0.0470940854659997,-0.00224368050040609,0.0480332754507657,0.0323937611268014,0.0129243926785734,0.0631449069085249,0.0593960530261714,0.0422389198169092,0.0354290230998466,-0.00541261316334157,0.044137153219912,-0.026369689377783,0.00354566220759734,-0.0414554033049253,0.0576422121915347,0.0412445156248505,-0.077573789596081,0.0330040119693285,0.0073418956848186,0.058613496712208,0.0510380533566797,0.000819628425749955,-0.0361572397872254,0.00568218447100985,0.0626660026032444,0.0190572346717601,0,0.0531448961662625,0.00698888615140794,0.058581293305892
"66",0.0512666811226277,0.0394449262311631,0.0143078181650435,0.0321905508706421,-0.0201200905922462,-0.0895336841942209,-0.177509008795048,0.0230803487634657,-0.0210230183177426,-0.0213093742967671,-0.260720017018454,-0.0142725960019912,0.0411247927267617,0.0486820738028082,0.0304590970342025,-0.0633196548246641,0.0414147025330592,0.00881723126638225,0.0271658489282637,-0.287844075005103,0.0315895800356769,-0.0862317019475604,-0.0234442383859531,0.0421226151255946,-0.0197484616411985,-0.000640861831348674,-0.021433643238169,0.0182682751254511,0.0407803775030558,0.0344530922761101,0.0152161201229153,0.0297114137523038,0.0213286287767929,0.0420298761691583,-0.0225096739563425,0.0235114883073388,-0.000845247606433527,0.0301906732608438,0.0344078730660251,-0.0150822784685714,0.0356778183554593,0.0198853220978402,5.01819407489784e-05,0.0505693852325084,0.0462880968450889,0.0295526034609186,0.0227104568642929,-0.0180939720086499,0.0309784003701535,-0.0389958888763148,-0.00908095889136831,-0.0542289758638163,0.0449413459299903,0.0284413816043391,-0.0897370082268735,0.0197179727079343,-0.00553050102192307,0.0454948827698261,0.03826327700056,-0.0119510057971862,-0.0490829865137505,-0.00670428645508718,0.0501178829112818,0.00694423846416699,0.0215160687413507,0,-0.00565381460049453,0.0460073998365304
"67",0.100906196412429,0.0892813126357336,0.0641177433922409,0.081541374356789,0.0290473970676776,-0.0396900072145214,-0.128305662102669,0.0724279808693328,0.0282866271364955,0.0287107386024791,-0.21132778185559,0.0352228195796925,0.0901103506841305,0.0982741381636389,0.0799328111648262,-0.014111082685102,0.0909300479900305,0.0584205239659448,0.0761166279983803,-0.238736582287536,0.0808549538218555,-0.0372036301574924,0.0259883562527762,0.0913053960096935,0.0298098021622982,0.0494285326833039,0.0280440762188953,0.06801278513836,0.0900893540703975,0.0839206269264624,0.0643041928108388,0.0792001999803229,0.0709615172641999,0.0909580331938542,0.0274824517565266,0.0731560675009005,0.0489045005613801,0.0792543887779607,0.0838718230753612,0.0335983393729315,0.0847846171613978,0.0685805889618609,0.0501930706744356,0.1003897084274,0.0958311325395597,0.0792328643700956,0.0721033256055191,0.0316398332994057,0.0800890303716003,0.0102937170437451,0.0396379761905135,-0.00474810732755362,0.093924363010326,0.0777785969915755,-0.0409894026455643,0.0696125776172304,0.0433858493603292,0.0950359440496035,0.0878493372510719,0.0375589092788745,0.000418614048772135,0.0422955371181972,0.0989137257191287,0.0561778284828555,0.0710736679497052,0.089621661984936,0,0.095258768513197
"68",0.0553958559221537,0.0442341403186244,0.0189432637426341,0.0368579110085589,-0.0151944215477603,-0.0848641332025973,-0.172627227138596,0.0284963662705362,-0.0166229378394214,-0.0165007991081651,-0.256117770435833,-0.00925697272635404,0.0459079699758435,0.0534374653797698,0.0351060937893872,-0.0587335158349261,0.0461358334957057,0.0134953778632326,0.0316710648220654,-0.282844453531687,0.0362719019171357,-0.0815319049953413,-0.018624319863722,0.0470524023996568,-0.0150182675179047,0.00426222904846529,-0.0164872178706068,0.022858902355629,0.0450240875868809,0.0390077472193932,0.0199158982894217,0.0345647329467194,0.026039116553283,0.0463396630514681,-0.0173942075465407,0.0281168007178174,0.00396273435886125,0.0351018142586099,0.0395172835272499,-0.0105616856405409,0.0400036517659803,0.0244510005269842,0.00519383553411888,0.0552450334310869,0.0511779083857364,0.034549694513905,0.0273991323522416,-0.0128737328215319,0.035955572348865,-0.0342090092050526,-0.00426076333374925,-0.0498605276327009,0.049757970683742,0.0331138566011202,-0.0850485019607389,0.0243932892768623,-0.000396344516845745,0.0504814402996708,0.0434368308570089,-0.00730868495815677,-0.0446351252176103,-0.00234595124666381,0.0551009731137515,0.0113719156052396,0.0262415446452723,0.045412108421341,-0.00105407270738836,0
