KL Female,Bottleneck Female
-0.48307652508170357,-2.964123025863628
0.019539423669960643,-0.023313524320521074
-0.056262687532683944,0.477306817964157
-0.5956579143336322,-0.3665109307511763
-1.3094563244473651,-0.9339241614484386
-2.215592622840274,-0.7453198688506641
-0.14569533637159032,-0.44534985099064006
-0.6023100494750537,0.823050680513015
-0.6048033152481697,-2.204157961282565
-0.5276099669911232,-2.239187281362812
0.03771579240264864,-0.061592362303192316
-1.0427070713202427,-0.062133601681040956
0.038857684500337615,-0.2921658759355948
-0.295708074782635,1.9952524135630227
-0.10861513523353847,0.14237786224196075
-3.355263374385535,-0.341693567501875
-0.062309961718636155,-0.42352928616589486
-1.2751882974145838,0.6907180510291517
-0.6349606808510714,-0.05336238395123517
0.04559563602476163,1.2710147114144728
-0.5895571912526648,-2.0782343146695745
-0.39217112131153137,-0.9836581647180811
-0.6083367761681188,-0.518936063158093
-0.19989770476659796,-1.456883729772708
0.03158917062033273,1.2733572943507845
-0.07815457370148668,0.15328927141644058
-0.16957040409855959,-1.8520053377539678
0.04362646351270413,1.9045393146234744
-0.6232267745403018,1.7686433151103693
-0.07440139181717983,1.778482126257178
-0.4486194940372093,0.7339083711654932
0.12682804439994233,0.7217593387014107
-0.16682797015242348,0.27117328021358345
-0.4444732930169093,0.46261728810996466
0.033960396544622844,-0.023313524320521074
-0.48307652508170357,-2.964123025863628
-0.16323098352056017,-0.14886278950494747
-0.6976120924819085,-0.17423742130847794
-1.4197743260101994,-0.23006161127624583
-2.3200681012431184,-0.04312776453104317
-0.248267534515169,-0.14886278950494747
-0.7118084639776553,-0.05773476398444242
-0.7118304244167805,-0.023313524320521074
-0.6379186357341917,-0.05620263426699741
-0.07295645720097803,-0.14886278950494747
-1.1474196270051946,-0.14555305492187837
-0.06964489275135474,-0.6006679239290864
-0.40137926486840264,1.2054878692182343
-0.21536333604481034,-0.02422198350828321
-3.4617348888845587,-0.11554479470205102
-0.1698424553384637,-0.20777606508357913
-1.3818573915258774,-0.20402503255610055
-0.7367698177211747,-0.25168521055229864
-0.05882716573836672,-0.17423742130847794
-0.7007663548101123,-0.023313524320521074
-0.5004444650161051,-0.1601158870873832
-0.7115792530430382,-0.15437901381006267
-0.30444856445220153,-0.02331352432052231
-0.07483939773203692,-0.06151588333011443
-0.18567244636236502,-0.15692962034074573
-0.27503826035960954,-0.14744833149110595
-0.06296672413285186,0.933144757826787
-0.7280539711084687,0.7046359907703872
-0.1820599250351218,0.7071456651120949
-0.5493370395699971,-0.13121087172857826
0.020585489980889535,-0.3502349527625324
-0.27343102764183524,-0.3202316535661724
-0.5496560004254591,-0.12525334947905362
0.27643980957438075,0.477306817964157
0.15047813440399357,-0.14886278950494747
-0.48307652508170357,-2.964123025863628
-0.4618945045166164,-0.5250233621142693
-1.1787932998774773,-0.14166106703843717
-2.080045473322117,0.40409841974074606
-0.016877828008684866,-1.1188096879540326
-0.47237600032715643,-0.25541326047435275
-0.47582049109870955,0.477306817964157
-0.39797664030500357,0.39903242134178385
0.1680548374717652,-0.287209407794673
-0.9084627153183377,-0.287209407794673
0.16959204950191104,-0.5233110816607713
-0.16169253986277438,0.20424718464887676
0.022040803430149417,0.036310202672656146
-3.218678561418269,-0.2624567108301202
0.0705609665678396,-1.0029423062173566
-1.1428140670770772,-0.6446587162586738
-0.4972583126345018,-0.11406411974457226
0.1765608901457188,0.260528927744912
-0.46098790971820214,0.477306817964157
-0.2564477273155143,-0.04219306049915339
-0.47340719046078056,-0.7097454504212413
-0.06622299265454021,0.3948596657780304
0.16358813673845735,-0.18708039496351445
0.05350443011275917,-0.38347172206624186
-0.032431480250024035,0.3133617211688438
0.17296241947566482,1.0267865071896969
-0.4849608125203772,0.7934999756278692
0.05728323168206372,1.0247897833017585
-0.3126443348391742,-0.28298333758121347
0.25708666692051857,-0.22477448282275628
-0.031502692022559765,-0.48080918946788553
-0.315018243034381,-0.28056844031637823
0.7441685568798146,-0.3665109307511763
0.6237063775021204,-0.17423742130847794
0.5432820791422267,-0.5250233621142693
-0.48307652508170357,-2.964123025863628
-0.7046840058135824,-1.1328358073600187
-1.6152461720171125,-0.3665109307511763
0.4527629878501523,-0.5250233621142693
0.004263779725170233,-0.44555966942832026
0.001001496415272118,-0.3665109307511763
0.06974142179473987,-0.3665109307511775
0.6342600673489472,-0.4970139665200051
-0.4426829108973072,-0.522118684052642
0.6400818844288464,-0.5499603287579902
0.3055650527953011,1.8918826820795447
0.48864942245924914,0.02322216241731946
-2.7482790332476594,-0.4474269624679384
0.5392191066088463,-1.0368639483388131
-0.6789397831494635,-0.6734920717807944
-0.030085650042583952,-0.14643837883435257
0.6486551623852298,0.3109282584676714
0.015447669522711358,-0.3665109307511775
0.21014585628785637,-0.5329074882815423
-0.006953543775845468,-0.5252308391186712
0.4080965620774945,-0.3665109307511763
0.6338586496485236,0.3156134243402948
0.5272097768565169,-0.5252308391186712
0.43561990803805656,-0.43601546412237874
0.6453799622698818,1.6195395706880968
-0.00933272726430799,1.3910308036316983
0.5247885170472715,1.4369528814683443
0.15737394204743657,-0.4903747023791428
0.7324209413064728,-0.26980170669684755
0.437695841444368,-0.6745851879803353
0.1543198880845107,-0.48705507030871187
1.4603514629188874,-0.9339241614484386
1.3351367875045321,-0.23006161127624583
1.2548318171877664,-0.14166106703843717
0.7181823465992516,-1.1328358073600187
-0.48307652508170357,-2.964123025863628
-0.9003136119233291,-0.3598105481507
1.1701734889954554,-1.1177549244020164
0.7137236849709463,0.6048606145791204
0.7087797955203581,-0.9339241614484386
0.7841126783606378,-0.9339241614484386
1.3459777428044126,-1.107614330688877
0.27416489800138694,-1.1083943763591184
1.3546644296714079,-0.577534896934973
1.0187744123250495,1.944964392189495
1.2054605913529661,0.003590102034310415
-2.0336625558206647,-1.0766725191026312
1.2520327942748581,-1.1382961270517091
0.033499012219667036,0.28516139909155286
0.6821911483269137,-0.16127658091716934
1.3596547908030432,1.0026692225377722
0.7236061932725031,-0.9339241614484386
0.9304609102531528,-1.1242553049873618
0.7063517577769862,-1.1226952136468795
1.1155744141136104,-0.9339241614484386
1.3533274682414294,1.0026692225377722
1.232844953834839,-0.7896961601338716
1.148723150302719,-0.9339241614484386
1.3593518217306202,1.7702341620554012
0.7032198428601515,1.5736199359331933
1.2342532771869752,1.7390431441083398
0.8744834135842198,0.5014245723180633
1.4475236099153181,0.3472439744360695
1.1500857782395406,-0.3501220173442305
0.8695464505474252,-0.1710401267468219
2.4669630321342915,-0.7453198688506641
2.348061919419364,-0.04312776453104317
2.269172136090993,0.40409841974074606
1.728501379545329,-0.3665109307511763
1.0224970649817116,-0.3598105481507
-0.48307652508170357,-2.964123025863628
2.174021291427227,-0.44534985099064134
1.7293618392670347,0.7028795491908205
1.72243024312832,-0.6095995656945506
1.7869188544838632,-0.8992755837650271
2.3583704505386764,-0.06159236230319108
1.2848455034402728,-0.062133601681040956
2.368480917134373,-0.2921658759355948
2.029899974099136,1.4955320181432863
2.218277163439983,0.10611308403446107
-1.0314870373958394,-0.34169356750187624
2.2618428086048974,-0.42352928616589486
1.0413483470824056,0.5815391115976996
1.6949859691351739,-0.05336238395123641
2.367586647681319,0.9562762032813904
1.7398727575234583,-0.45073974774904363
1.933581918330551,-0.9836581647180799
1.7165159329460953,-0.518936063158093
2.1202667974623526,-0.8455944682779317
2.3572759268004417,0.9597832799037237
2.2421986501407476,0.01927588908827572
2.1640122698891675,-0.44057951174063587
2.366986503875978,1.4545599223326224
1.7136610252590732,1.4214670757163168
2.2443192774976146,1.4354192060171382
1.8878730568570359,0.6943699600609128
2.458075753767711,0.6344268490720484
2.1525577992198697,0.18030903841998464
1.8695726109081314,0.40409841974074606
0.5040312838239999,-0.44534985099064006
0.3839065115501318,-0.14886278950494747
0.3018202045560748,-1.1188096879540326
-0.2361062028648725,-0.5250233621142693
-0.9448343140557183,-1.1177549244020164
-1.8526769841445663,-0.44534985099064134
-0.48307652508170357,-2.964123025863628
-0.23954165340880657,-0.372288006336475
-0.24330670341667343,-0.44534985099064006
-0.16997864012214367,-0.44534985099064134
0.39431705668145084,-0.5370226512149339
-0.684009393504346,-0.5587295299149788
0.39975540386678204,-0.5233110816607713
0.06675027204533372,1.9424068060142228
0.2506866573058318,0.036310202672656146
-2.990557946736925,-0.5164786410166788
0.3019274720411282,-1.0029423062173566
-0.9117386588976085,-0.6446587162586738
-0.2693127573321889,-0.11406411974457349
0.40669205908147865,0.46860609894659894
-0.22875556708885933,-0.44534985099064006
-0.033151558811269674,-1.0936568903802284
-0.2472332482619173,-0.7097454504212425
0.1661504867380235,-0.44534985099064006
0.3875425719868549,0.47329126481922174
0.28078314746988053,-0.6201822343640662
0.1945463340646241,-0.45775378167638
0.40209151398104964,1.7772174111670256
-0.25805547820348523,1.5487086441106257
0.29027832584588165,1.5285230354385202
-0.08114212992700996,-0.4757240485975322
0.48872331212787795,-0.22477448282275628
0.19598306541811045,-0.8806430254580416
-0.09023212766027165,-0.5188043780202553
0.7450282157820755,0.823050680513015
0.6192456030566094,-0.05773476398444242
0.5397285263795711,-0.25541326047435275
0.006175940609605582,-0.44555966942832026
-0.7088580075697484,0.6048606145791204
-1.615739227402637,0.7028795491908205
0.4519575449227932,-0.372288006336475
-0.48307652508170357,-2.964123025863628
-5.943154970281052e-05,0.8505676587729368
0.06549264685552414,0.694320024979912
0.6284335184899049,-0.7240812995509649
-0.44349278482855575,-0.5964394812440709
0.6382141659760804,-0.45835354186130195
0.3048071154100957,-0.5422744969686825
0.48787794269148677,0.10611308403446107
-2.753288421587981,-0.4807516911204989
0.539569629549286,-0.26790069363269614
-0.6778097013386091,-0.5168706494772005
-0.030640013584378064,-0.06168076996735833
0.6426292256709606,0.7451058530392058
0.012602327527889286,0.8505676587729368
0.20633986594782136,0.7043286211184042
-0.00972904500938337,-0.22511558200156945
0.39732522033678075,0.8505676587729368
0.6358556317980125,0.5725253350482226
0.5199059409701654,-0.3139787276301837
0.4337972694732943,0.6174185655242824
0.6412114410879289,1.4968239295615373
-0.013400100567183786,0.5793045964858272
0.5177874744509912,1.4968239295615362
0.15366778173578968,-0.53364629356599
0.7294677889179588,0.13467361203537348
0.43485552139185596,0.10606194606559124
0.1492996870243553,-0.23135008550095604
0.7412496902161385,-2.204157961282565
0.6186108162627644,-0.023313524320521074
0.5378036974398108,0.477306817964157
0.002116721355434532,-0.3665109307511763
-0.7079245659586617,-0.9339241614484386
-1.6162370763037162,-0.6095995656945506
0.4478762359892266,-0.44534985099064006
-0.0004108283575780008,0.8505676587729368
-0.48307652508170357,-2.964123025863628
0.06639527846064072,-1.8899044918502734
0.6307327242310379,-0.061592362303192316
-0.4424849457284194,-0.062133601681041574
0.6354700621095825,-0.2921658759355948
0.30550214055816594,1.733402681208109
0.48859385739878014,0.14237786224196075
-2.750374389909096,-0.341693567501875
0.5399185698704988,-0.42352928616589486
-0.6782614345714797,0.6811175906599847
-0.03343150402928698,-0.05336238395123517
0.6445647134661565,1.0850716054627523
0.008168183630883069,-2.3304875891332975
0.20479849454364946,-0.9836581647180799
-0.00697372395220554,-0.518936063158093
0.39794990973253436,-1.8032300696347336
0.628183138565303,1.0850716054627536
0.5165119326347019,0.15328927141643997
0.43293992515643337,-1.9677018330359464
0.6432901685595804,1.733402681208109
-0.015565041632923104,1.5853492608903799
0.521815738159559,1.6438517616675468
0.1534048643933607,0.7988496376424076
0.7274320338245781,0.7217593387014107
0.4337910276209639,0.2711732802135822
0.1540015318695658,0.4626172881099659
0.804235920662029,-2.239187281362812
0.6781656631028277,-0.05620263426699741
0.5995559784211327,0.39903242134178385
0.061369377250599356,-0.3665109307511775
-0.6500859383911117,-0.9339241614484386
-1.5606498791388204,-0.8992755837650271
0.5078369295296195,-0.44534985099064134
0.05754294903098728,0.694320024979912
0.05801458110554668,-1.8899044918502734
-0.48307652508170357,-2.964123025863628
0.6930575103145838,-0.13512538348664582
-0.3828746973512722,-0.13620786224234557
0.6987768239951819,-0.34628484745637667
0.3627966991221536,1.9399221531186772
0.5454281329195886,0.14128719222068287
-2.6931464596408388,-0.34628484745637667
0.599391204031358,-0.42352928616589486
-0.6219487674006404,0.6426336496072647
0.029052780061224994,-0.058083630068494325
0.7051601209956986,1.0828314393819989
0.06976062148717647,-1.9998507552843816
0.2668825233860938,-0.9836581647180799
0.04798646456453623,-0.518936063158093
0.4629587036349479,-1.9390456932263094
0.6959319205184662,1.0828314393819989
0.5779934054470747,0.030869351421168423
0.49338040873926853,-1.815137786565155
0.703200567658792,1.7723090651844882
0.04556990657390934,1.6671610197887439
0.5786991646713094,1.7074782932318862
0.2143830338916099,0.694320024979912
0.7873995054308456,0.6853288960229811
0.4949032107201211,0.2665022551343476
0.207763598496033,0.39903242134178385
0.05194586044593018,-0.061592362303192316
-0.07490868427835866,-0.14886278950494747
-0.14673960695886745,-0.287209407794673
-0.6854323772302339,-0.4970139665200051
-1.4026319859997038,-1.107614330688877
-2.308508937390289,-0.06159236230319108
-0.2378555553068177,-0.5370226512149339
-0.7003463228313623,-0.7240812995509649
-0.6973989605193129,-0.061592362303192316
-0.6220491847638783,-0.13512538348664582
-0.48307652508170357,-2.964123025863628
-1.1347175304267092,-0.6332116450110898
-0.055340784412287285,-0.5120221644876446
-0.38668018707193863,1.2820455451835742
-0.19867879937998184,0.05820309101476203
-3.44626178274048,-1.2348926470616097
-0.1514134852257902,-0.9674520332463532
-1.3668198697765104,-0.6084890631776689
-0.7256182228873675,-0.09023306791459672
-0.04736437391715365,0.6181684708230464
-0.6815204309084468,-0.06159236230319108
-0.48431169566648596,-1.091217894245813
-0.7015679097530355,-0.6949219569211237
-0.2912533656243743,-0.061592362303192316
-0.05865530330165761,-0.29422371255567653
-0.1703151237232978,-0.6652440979436987
-0.2595378935694707,-0.22400600745644628
-0.05023080931143225,1.7090711129472314
-0.7124644345650409,1.4757845813854036
-0.16787775554562537,1.6166760169175274
-0.5386526025065226,-1.2432390259724295
0.03754868660062785,-0.21784721761135745
-0.25641419507554597,-0.9436655866717907
-0.5374700806978798,-1.4923015279108853
1.349791506412087,-0.062133601681040956
1.228946453054127,-0.14555305492187837
1.1454045531826158,-0.287209407794673
0.6040422899219107,-0.522118684052642
-0.10380163576045731,-1.1083943763591184
-1.0104709329679546,-0.062133601681040956
1.048055843244661,-0.5587295299149788
0.6029476685090251,-0.5964394812440709
0.598596063140686,-0.062133601681041574
0.6749108051580165,-0.13620786224234557
1.237934482307074,-0.6332116450110898
-0.48307652508170357,-2.964123025863628
1.2441020605699458,-0.5190546046938548
0.9186114152293059,1.283128023939274
1.0988071012097032,0.06248628318333261
-2.145033098938574,-0.6119725504215181
1.1402488408003264,-0.982746184029438
-0.07737592308922717,-0.6313510137100015
0.5703135015810163,-0.09023306791459672
1.2493416881886872,0.3490955745424709
0.6131903585321126,-0.062133601681040956
0.8104090578425931,-1.0929251915399043
0.5937704064751782,-0.7076770559793653
1.0040930239580919,-0.062133601681040956
1.23503696233261,-0.2931412337999774
1.1215579525825767,-1.7095667567024422
1.0364450083558998,-0.22508848621214572
1.2488900466177053,1.6697613764308228
0.6001232024555422,1.436474844868995
1.1221555485599868,1.7068422248411934
0.7592191314704844,-0.6197390850102421
1.3412908910820953,-0.21784721761135745
1.0352994384469554,-1.0597333646986518
0.7576698805943696,-0.6133990567745493
0.052366265007948,-0.2921658759355948
-0.07120646281762705,-0.6006679239290864
-0.14344821800629662,-0.5233110816607713
-0.6822369304599437,-0.5499603287579902
-1.3982243843375168,-0.577534896934973
-2.300830400505261,-0.2921658759355948
-0.23222707155475278,-0.5233110816607713
-0.6929347239131702,-0.45835354186130195
-0.6962194652495277,-0.2921658759355948
-0.6176578478019837,-0.34628484745637667
-0.05606319790457676,-0.5120221644876446
-1.1287496718737675,-0.5190546046938548
-0.48307652508170357,-2.964123025863628
-0.38032090923209944,1.7431925724483792
-0.1960779540589801,-0.047398721460444354
-3.4426812931252315,-0.4592788629410669
-0.15387299462490542,-0.57031739251281
-1.3664409457407514,-0.5645804018182696
-0.7180175464946681,-0.59770689647384
-0.043939235187204266,0.16223814883650592
-0.6798491982579756,-0.2921658759355948
-0.4802751876870244,-0.5305285860829355
-0.6976513892019214,-0.5279376870595952
-0.28595940305273126,-0.2921658759355948
-0.057116801213629026,0.16692331470912933
-0.16911347807458632,-0.527937687059594
-0.25533709719498565,-0.4174865868528806
-0.04503013784745254,1.4708494610569325
-0.706183665376115,1.2423406940005322
-0.16448293321841045,1.430670346075657
-0.5327090260817885,-0.5083208801685867
0.03886244845883041,-0.6151029327734123
-0.2552624793978969,-0.5979373490125125
-0.5324653414837462,-0.4851878531744744
0.3754390627384841,1.9952524135630227
0.25243452010349177,1.2054878692182343
0.17675170183142877,0.20424718464887676
-0.36193953454271083,1.8918826820795447
-1.076665536504326,1.944964392189495
-1.981330339823316,1.4955320181432863
0.0857306467575918,1.9424068060142228
-0.3673191726919335,-0.5422744969686825
-0.36663751890806684,1.733402681208109
-0.2955123721743903,1.9399221531186772
0.2663263797177293,1.2820455451835742
-0.8024180396171721,1.283128023939274
0.27310587601531733,1.7431925724483792
-0.48307652508170357,-2.964123025863628
0.12170482210843056,0.8741050960932693
-3.118389233599602,1.8422479555809408
0.17246475996263788,1.149219219361274
-1.0402980464714162,-0.22257528148111388
-0.3975200110537914,1.2655855884796612
0.28307355586847766,0.30967787840324507
-0.3541986067921492,2.06149192322041
-0.15486850795819046,1.3652219409652155
-0.37475445664363927,1.8131786700581685
0.03769909180436311,1.6977938047642034
0.26824760771841333,-0.01814710767410858
0.1533314309024103,0.8522822777443109
0.06760527442775864,0.9616742050547032
0.28110034050172383,1.2850784958434667
-0.38097734579061,0.31935665651501977
0.15736606432595138,1.576921968709024
-0.2085867625533543,-0.4388384547076249
0.35931488961057245,-0.2846578568256315
0.06728640877325799,0.6165142601500233
-0.21185690242839159,0.23362624435725965
0.2285475911904811,0.14237786224196075
0.10465097295010277,-0.02422198350828321
0.029080445776548954,0.036310202672656146
-0.5078507139550104,0.02322216241731946
-1.2206085642682514,0.003590102034310415
-2.1277818881605812,0.10611308403446107
-0.05989732359676648,0.036310202672656146
-0.518138835543598,0.10611308403446107
-0.516593208372751,0.14237786224196075
-0.44310672780153604,0.14128719222068287
0.12167294320427245,0.05820309101476203
-0.9500617949263607,0.06248628318333261
0.12359090042106045,-0.047398721460444354
-0.20889339243296529,0.8741050960932693
-0.48307652508170357,-2.964123025863628
-3.2684253568868304,0.057139803835949694
0.024676797910742343,0.017496144805607846
-1.1872759147216256,0.02131348988008205
-0.5415098399071264,-0.022585978476364812
0.13091522710034745,0.02131348988008205
-0.5041986100847182,0.14237786224196014
-0.3054725984314403,0.03358352761946108
-0.5227879654218166,0.03549220015669849
-0.10725930456228651,0.14237786224196075
0.12080400190674938,0.10896370715724803
0.0039423303691572065,0.02649417248115317
-0.075372194722976,0.07216895011895912
0.12829054047703262,0.6017619847018233
-0.5311429870624406,0.3732532176454235
0.01226268361699476,0.3530676089733179
-0.360048182484006,0.07884633350250671
0.21146942842927974,-0.04003669881681682
-0.08111533651341693,-0.08879297195215802
-0.36118705633164794,0.09329771128444155
3.4542771199500626,-0.341693567501875
3.3450294312243365,-0.11554479470205102
3.267001660129778,-0.2624567108301202
2.734725440665189,-0.4474269624679384
2.019311799895153,-1.0766725191026312
1.0962454506500938,-0.34169356750187624
3.1761701065416488,-0.5164786410166788
2.7221704728491782,-0.4807516911204989
2.7183088860505356,-0.341693567501875
2.7811737536908767,-0.34628484745637667
3.3477846957129898,-1.2348926470616097
2.278672575910359,-0.6119725504215181
3.362352383045263,-0.4592788629410669
3.0311034378269817,1.8422479555809408
3.2047622059402956,0.057139803835949694
-0.48307652508170357,-2.964123025863628
3.2560870152322297,-0.9456872802088888
2.0489556707069227,-0.5225008313247156
2.69323183779892,-0.07809272075592795
3.3620366962855823,0.5226677188757509
2.7329785591497973,-0.341693567501875
2.93037942163935,-1.0368282804483426
2.711704362464499,-0.6640684064964596
3.117672205086849,-0.341693567501875
3.350261569674414,0.26597869784169104
3.2394709036010254,-0.43703923861070443
3.1575443475990164,-0.4301111107371296
3.3672252827323352,1.5699048441894956
2.7078301199966934,1.341396077133095
3.247058665315868,1.4363829675928423
2.878724575065081,-0.6830366155750617
3.4477002578592235,-0.09559070124157834
3.1524776765327975,-0.3813978943921949
2.86423700087492,-0.8130385551488761
0.2713880451681796,-0.42352928616589486
0.1454345415218818,-0.20777606508357913
0.07138491811521272,-1.0029423062173566
-0.4697763319833622,-1.0368639483388131
-1.1806375006277074,-1.1382961270517091
-2.086210172997742,-0.42352928616589486
-0.015757358401197675,-1.0029423062173566
-0.4761026679771067,-0.26790069363269614
-0.47588939112872025,-0.42352928616589486
-0.40059972268963057,-0.42352928616589486
0.16622471130237812,-0.9674520332463532
-0.9165813795856883,-0.982746184029438
0.16234530104626882,-0.57031739251281
-0.16609432610969904,1.149219219361274
0.01940327084631434,0.017496144805607846
-3.2284179155222232,-0.9456872802088888
-0.48307652508170357,-2.964123025863628
-1.1494888005274215,-0.7356283514735352
-0.5031003461410021,-0.15947801096773673
0.1728377032586228,0.45191175556864316
-0.46474778253454285,-0.42352928616589486
-0.2635405526801465,-1.0047070159230977
-0.47954508919021177,-1.0033344639297443
-0.07200532709246824,-0.42352928616589486
0.161766868214867,0.4296501351697289
0.04699454336479761,-1.0119619336022538
-0.03687309865342784,-0.44742185985552574
0.17439198924249097,1.5417209561705254
-0.49386653821531235,1.3084344246086976
0.05564077191283296,1.482553274890035
-0.31855575289388993,-0.5193651782470242
0.25680795040384813,-0.2855804774561446
-0.03821714065532479,-0.9595534275200279
-0.3204563454405674,-0.9468637533460479
1.4847185430496885,0.6907180510291517
1.360291753934844,-0.20402503255610055
1.2797385311867353,-0.6446587162586738
0.7388020696434852,-0.6734920717807944
0.030400789917603557,0.28516139909155286
-0.8792037068885742,0.5815391115976996
1.1947537558985644,-0.6446587162586738
0.739218481184477,-0.5168706494772005
0.7331777220669459,0.6811175906599847
0.8070576263982684,0.6426336496072647
1.3706216303755392,-0.6084890631776689
0.29761745479513757,-0.6313510137100015
1.3753963235479476,-0.5645804018182696
1.0455124604318222,-0.22257528148111388
1.2285119376022313,0.02131348988008205
-2.01540886850064,-0.5225008313247156
1.2735521984622413,-0.7356283514735352
-0.48307652508170357,-2.964123025863628
0.7087063473409553,-0.1509348037079332
1.3835523778646872,-0.2841144520017075
0.74497061942523,0.6907180510291517
0.9519677135370391,0.38462940563083725
0.7272858808830638,-0.544814797489138
1.1377641707402941,0.6686144449799125
1.370017482968626,-0.4653459549938835
1.25324099148858,-0.6446587162586725
1.1711005190636055,0.5622521338479795
1.3839901530954917,1.6253542938265058
0.7250858555556478,1.3920677622646773
1.2560926103039973,1.547704561307454
0.893122381574759,-0.563959443110961
1.4720098292807,-0.27942290837934614
1.1704387950288735,-0.7000779916254056
0.8883161490690153,-0.5492868479931952
0.7141549896102791,-0.05336238395123517
0.5929022837431749,-0.25168521055229864
0.5148934219323946,-0.11406411974457226
-0.025711181549460664,-0.14643837883435257
-0.7360837060184213,-0.16127658091716934
-1.6432891873331144,-0.05336238395123641
0.42282286500858235,-0.11406411974457349
-0.028173805710355493,-0.06168076996735833
-0.03062521809221731,-0.05336238395123517
0.0409639675216387,-0.058083630068494325
0.6033387593027754,-0.09023306791459672
-0.47603565110101087,-0.09023306791459672
0.6145532199573962,-0.59770689647384
0.27571906975443294,1.2655855884796612
0.46256111161663993,-0.022585978476364812
-2.780420126255828,-0.07809272075592795
0.5119205016981204,-0.15947801096773673
-0.704507586062849,-0.1509348037079332
-0.48307652508170357,-2.964123025863628
0.6210386023358492,-0.1477873062964275
-0.01444169764369805,-0.05336238395123517
0.18060254125102887,-0.12373143322277096
-0.03312928103279767,-0.11496340471928888
0.3715369238480573,-0.05336238395123517
0.6079915818033664,-0.062332251302564236
0.4952099966829768,-0.12251105025166745
0.40512009560946044,-0.13631516799501542
0.6162247366157252,0.9932424770882146
-0.03934880709511661,0.7647337100318141
0.49793291424166897,0.7445481013597098
0.12683014330045553,-0.08483735806629887
0.6980587966952618,-0.34503950385398313
0.4108060937599465,-0.2810023290682287
0.12649996669174257,-0.07809272075592795
0.05836158418675373,1.2710147114144728
-0.061181173506118756,-0.17423742130847794
-0.1403581516059759,0.260528927744912
-0.6750090086441008,0.3109282584676714
-1.3903847350011678,1.0026692225377722
-2.2944705924766455,0.9562762032813904
-0.22621989165092812,0.46860609894659894
-0.6887983814691128,0.7451058530392058
-0.6848274046537074,1.0850716054627523
-0.6115591836833784,1.0828314393819989
-0.04866413237012732,0.6181684708230464
-1.1239350606458272,0.3490955745424709
-0.04430029646004988,0.16223814883650592
-0.3716858148864857,0.30967787840324507
-0.18939803945190303,0.02131348988008205
-3.435998325351265,0.5226677188757509
-0.14424855782140897,0.45191175556864316
-1.3546414809249698,-0.2841144520017075
-0.7103010844688685,-0.1477873062964275
-0.48307652508170357,-2.964123025863628
-0.6738957808191057,1.2710147114144728
-0.472187880913922,1.0850983564933163
-0.6873619064814633,0.6157785232815036
-0.27953552261069214,0.8875512476852931
-0.05150951813326422,0.7434104228657388
-0.1605492130102725,0.2233534550109493
-0.2498940566349468,0.9616742050547032
-0.03641456555394766,0.7328545740525235
-0.7007590420276099,0.33381225449000823
-0.15439617388794682,-0.34372060674615673
-0.5253376748789086,0.655407681989987
0.048424571914157916,-0.26980170669684755
-0.2485667439099555,0.12435476752705041
-0.5285405441552806,0.7494810633034564
0.7561048188759386,-2.0782343146695745
0.6266317235836655,-0.023313524320521074
0.5506492340042091,0.477306817964157
0.01630034606777833,-0.3665109307511775
-0.6977401241599162,-0.9339241614484386
-1.601814512711513,-0.45073974774904363
0.46071323164467404,-0.44534985099064006
0.01223615829492598,0.8505676587729368
0.00721068572763951,-2.3304875891332975
0.07758075070410754,-1.9998507552843816
0.6450658239453593,-0.06159236230319108
-0.4343926944278022,-0.062133601681040956
0.6482141091888394,-0.2921658759355948
0.3174399837147285,2.06149192322041
0.49967376901195487,0.14237786224196014
-2.7396470887556,-0.341693567501875
0.5483024346560187,-0.42352928616589486
-0.6703290496896327,0.6907180510291517
-0.018129080803618556,-0.05336238395123517
0.6544106287410659,1.2710147114144728
-0.48307652508170357,-2.964123025863628
0.21604339579844029,-0.9836581647180799
0.0006608074266046577,-0.518936063158093
0.41761686574430484,-1.8492411015448742
0.6451543029140343,1.2733572943507845
0.5347641567327424,0.15328927141643997
0.4498682088063891,-1.6952950973086514
0.6537093780250421,1.9253203675246866
-0.0003917246943631028,1.811065983996486
0.5328715031368099,1.8009731796604345
0.16564364473499277,0.7988496376424076
0.7417490653268677,0.7217593387014107
0.44716585337057313,0.27117328021358345
0.16258093444846786,0.4626172881099659
0.6057953399365156,-0.9836581647180811
0.4832786930356384,-0.1601158870873832
0.4107233752107539,-0.04219306049915339
-0.1341771326286837,-0.5329074882815423
-0.8431061747539421,-1.1242553049873618
-1.757271851127655,-0.9836581647180799
0.31179532772179763,-1.0936568903802284
-0.14027405202349172,0.7043286211184042
-0.14285623813372128,-0.9836581647180799
-0.06763322499991906,-0.9836581647180799
0.49688032871639126,-1.091217894245813
-0.5849098847247557,-1.0929251915399043
0.5022938633618461,-0.5305285860829355
0.170643053086789,1.3652219409652155
0.35302939032131114,0.03358352761946108
-2.8844667420854595,-1.0368282804483426
0.40202864625392914,-1.0047070159230977
-0.8130481418921367,0.38462940563083725
-0.16670189902330837,-0.12373143322277096
0.5109975259911476,1.0850983564933163
-0.12716959813502185,-0.9836581647180799
-0.48307652508170357,-2.964123025863628
-0.14692847899580777,-1.0992665814893847
0.2687036333373654,-0.9836581647180811
0.49543328563608335,1.085098356493315
0.3855013800618719,-0.6902281535945888
0.29724123701063393,-0.9836581647180799
0.5092453173178009,1.4340728393233144
-0.15494059008025304,1.3611927189091726
0.3909217359086225,1.5611904019312608
0.01647428032601527,0.600892578857347
0.5924996526364693,0.4467119809753533
0.29852895209326963,-0.40672952201907
0.019968855900344362,-0.0715721202075375
0.736902644498757,-0.518936063158093
0.6162690837242721,-0.15437901381006267
0.5376340064783779,-0.7097454504212413
-0.00599912164017674,-0.5252308391186712
-0.7094495296198721,-1.1226952136468795
-1.6214969687108716,-0.518936063158093
0.44676318569452267,-0.7097454504212425
-0.007870410761354973,-0.22511558200156945
-0.005770989307364376,-0.518936063158093
0.05700009778281745,-0.518936063158093
0.6250810987076525,-0.6949219569211237
-0.4472391523282608,-0.7076770559793653
0.6315324654677111,-0.5279376870595952
0.2993923956480217,1.8131786700581685
0.47906946380154436,0.03549220015669849
-2.7586262530199517,-0.6640684064964596
0.533434043606556,-1.0033344639297443
-0.6837303401147768,-0.544814797489138
-0.035145124284578465,-0.11496340471928888
0.6412187833189218,0.6157785232815036
0.00267561964775493,-0.518936063158093
0.20026338051372838,-1.0992665814893847
-0.48307652508170357,-2.964123025863628
0.3968008226779522,-0.518936063158093
0.6271990785725327,0.620463689154127
0.5141823759473646,-0.7703532521300592
0.4291782586647549,-0.5496294348217
0.6392346372199811,1.769604984768138
-0.018482591797167172,1.5794500981260728
0.5151082882677703,1.586361158636419
0.14670813204002423,-0.32855162426262696
0.7217913387847237,-0.23035477979860497
0.43034189316294263,-1.1611267874845614
0.1472053551096277,-0.6813050268454334
0.46067256548113905,-1.456883729772708
0.34089728671311753,-0.02331352432052231
0.2616481897806855,0.3948596657780304
-0.27393496097104847,-0.3665109307511763
-0.9884633801772432,-0.9339241614484386
-1.9003006697924714,-0.8455944682779317
0.17458537501713106,-0.44534985099064006
-0.28983437460564426,0.8505676587729368
-0.28853578950969894,-1.8032300696347336
-0.21071362462413007,-1.9390456932263094
0.3525998714032244,-0.061592362303192316
-0.7214767846599622,-0.062133601681040956
0.35576995247783516,-0.2921658759355948
0.026747171722678764,1.6977938047642034
0.2120611907146565,0.14237786224196075
-3.0360029314060837,-0.341693567501875
0.2552403134578971,-0.42352928616589486
-0.9526918679164241,0.6686144449799125
-0.3153867487604887,-0.05336238395123517
0.3650553738239259,0.8875512476852931
-0.26638272120514705,-1.8492411015448742
-0.07022224802050898,-0.9836581647180811
-0.2902385091139136,-0.518936063158093
-0.48307652508170357,-2.964123025863628
0.35107214728005365,0.8922364135579154
0.237028540455875,0.15328927141643997
0.15111388380974702,-1.581239072798856
0.3624916773279704,1.601760649951725
-0.29725308015885976,1.4753193381205907
0.2442152702212777,1.5562960813370705
-0.12369189080346768,0.7988496376424076
0.4500051594383337,0.7217593387014107
0.1558770954627022,0.27117328021358345
-0.12741173927310964,0.3948596657780304
0.04559411350995407,1.2733572943507845
-0.07618944984563196,-0.06151588333011443
-0.15190020570533536,-0.18708039496351445
-0.6912864131135734,0.3156134243402948
-1.4019854071150706,1.0026692225377722
-2.310796082208579,0.9597832799037237
-0.24495708489200496,0.47329126481922174
-0.6988501835874726,0.5725253350482226
-0.7045490350105604,1.0850716054627536
-0.6232045267632801,1.0828314393819989
-0.05874919305053057,-0.29422371255567653
-1.1400227025326477,-0.2931412337999774
-0.056855066017288194,0.16692331470912933
-0.3856519081232859,-0.01814710767410858
-0.2012703625075343,0.10896370715724803
-3.44848847492829,0.26597869784169104
-0.1567205122742425,0.4296501351697289
-1.370350060809758,-0.4653459549938835
-0.7246471038241157,-0.062332251302564236
-0.05062866165251724,0.7434104228657388
-0.6855859981202492,1.2733572943507845
-0.48734825907592483,1.085098356493315
-0.7031164745181057,0.620463689154127
-0.2915401431312131,0.8922364135579154
-0.48307652508170357,-2.964123025863628
-0.17751656461463644,-0.19997638174539925
-0.26096157441872275,0.9616742050547046
-0.053808580116464,1.3834428763500939
-0.7154582197182541,1.1469415232083258
-0.1677398609962041,1.5468257062940989
-0.5410311284606436,-0.18749850003218024
0.03672280998796458,0.20166664942848156
-0.2593977258773024,0.24022854489003972
-0.5408635716752851,-0.7535699715792515
0.2555671000067196,0.15328927141644058
0.1313547978520699,-0.15692962034074573
0.0572779803663126,-0.38347172206624186
-0.47815236453704274,-0.5252308391186712
-1.1948016220356532,-0.7896961601338716
-2.1010631069504146,0.01927588908827572
-0.03481565996050115,-0.6201822343640662
-0.4913605306378448,-0.3139787276301837
-0.49424974837075736,0.15328927141643997
-0.4178576336747573,0.030869351421168423
0.148664638080356,-0.6652440979436987
-0.9330521161010032,-1.7095667567024422
0.14799685715478408,-0.527937687059594
-0.18238453666165316,0.8522822777443109
0.00038772417289273967,0.02649417248115317
-3.235731786898139,-0.43703923861070443
0.048703311161825164,-1.0119619336022538
-1.164881906333097,-0.6446587162586725
-0.5162161625837414,-0.12251105025166745
0.15775063792930222,0.2233534550109493
-0.4755800392388861,0.15328927141643997
-0.27784068270252604,-0.6902281535945888
-0.4949219777828592,-0.7703532521300592
-0.08699719649845493,0.15328927141643997
0.14219927505643035,-0.19997638174539925
-0.48307652508170357,-2.964123025863628
-0.050518857257162396,-0.008493765364686627
0.15499935576414745,1.08916681091547
-0.5052623325275053,0.8558802793536409
0.0408310566163886,1.1419207176134178
-0.33068509414686836,-0.5783778548986249
0.24283721286757862,-0.23093205189955482
-0.05507461564965478,-0.8824070245587788
-0.33419864309059816,-0.5403738735664051
0.17466128238385242,-1.8520053377539678
0.0528870182910651,-0.14744833149110595
-0.02026797286620861,0.3133617211688438
-0.5583839759826993,-0.43601546412237874
-1.2726051664351017,-0.9339241614484386
-2.176899283274158,-0.44057951174063587
-0.11067496167795357,-0.45775378167638
-0.5684526540525294,0.6174185655242824
-0.5706632656994503,-1.9677018330359464
-0.4916041529885285,-1.815137786565155
0.06937473195500198,-0.22400600745644628
-1.0057850677908673,-0.22508848621214572
0.07309437473857558,-0.4174865868528806
-0.25746304889173643,0.9616742050547032
-0.07001595738539855,0.07216895011895912
-3.315390067106643,-0.4301111107371296
-0.02551605288950517,-0.44742185985552574
-1.2393243910009346,0.5622521338479795
-0.5954223730080265,-0.13631516799501542
0.07973716381693066,0.9616742050547032
-0.5499699126331247,-1.6952950973086514
-0.35382802774898714,-0.9836581647180799
-0.5696624173174796,-0.5496294348217
-0.1629404131956325,-1.581239072798856
0.06868547530526287,0.9616742050547046
-0.041991061244196146,-0.008493765364686627
-0.48307652508170357,-2.964123025863628
0.07796507071680409,1.8272777005422285
-0.5817106679658455,1.6946607468623311
-0.03656754081537438,1.7348826045125243
-0.4064784211346866,0.6174185655242836
0.16336637300550022,0.5784926394709448
-0.12829452327053406,0.15641536128354677
-0.40870842469384244,0.3133617211688438
0.05683693606115133,1.9045393146234744
-0.06592559896907337,0.933144757826787
-0.14375948212962192,1.0267865071896969
-0.6768778075502563,1.6195395706880968
-1.3937219616840528,1.7702341620554012
-2.300187785946487,1.4545599223326224
-0.23252162856362338,1.7772174111670256
-0.6897972847712986,1.4968239295615373
-0.6887269208791195,1.733402681208109
-0.6145909488473226,1.7723090651844882
-0.051502495420775875,1.7090711129472314
-1.127188544712798,1.6697613764308228
-0.04575816140611648,1.4708494610569325
-0.3749972149524409,1.2850784958434667
-0.1945204163682506,0.6017619847018233
-3.4400489734639548,1.5699048441894956
-0.14286706052323775,1.5417209561705254
-1.3580166401603222,1.6253542938265058
-0.714741550042338,0.9932424770882146
-0.037227080978105065,0.7328545740525235
-0.6745373777820075,1.9253203675246866
-0.4736267098761324,1.4340728393233144
-0.6912055602365401,1.769604984768138
-0.28275839591723956,1.601760649951725
-0.05578476200735964,1.3834428763500939
-0.16388987633460525,1.08916681091547
-0.251444098494659,1.8272777005422285
-0.48307652508170357,-2.964123025863628
-0.702171174221548,0.3529209352397747
-0.159586215302144,0.11249423996969773
-0.5266200785335955,1.191602454857605
0.04528277288623209,0.21133963434923012
-0.25158631810676285,0.3652383177264472
-0.531222717311222,1.6981409584077112
0.7304694999048017,1.7686433151103693
0.6059652368206965,0.7046359907703872
0.5307487575017386,0.7934999756278692
-0.007810200028583823,1.3910308036316983
-0.7170897074561324,1.5736199359331933
-1.6246212721237934,1.4214670757163168
0.43850402999683036,1.5487086441106257
-0.01158297653351846,0.5793045964858272
-0.014843615901657272,1.5853492608903799
0.054902522365363804,1.6671610197887439
0.6201500025460517,1.4757845813854036
-0.4472071088424997,1.436474844868995
0.6304794747121525,1.2423406940005322
0.29605892591586747,0.31935665651501977
0.47836326954621367,0.3732532176454235
-2.7593607967610803,1.341396077133095
0.5246315289689006,1.3084344246086976
-0.6896529850132467,1.3920677622646773
-0.04114759401632429,0.7647337100318141
0.6337163039576024,0.33381225449000823
0.001756375626196709,1.811065983996486
0.19188441609220522,1.3611927189091726
-0.01823273977434526,1.5794500981260728
0.3930295467112297,1.4753193381205907
0.6214188167378227,1.1469415232083258
0.5107252520170277,0.8558802793536409
0.42509530675739193,1.6946607468623311
0.6332385428173545,0.3529209352397747
-0.48307652508170357,-2.964123025863628
0.5121209597043525,-0.3368829056599634
0.14623860523880897,0.8363728523412697
0.7216416339674568,-0.02194689721259953
0.4253824847397196,0.11566238170217628
0.14158123039075712,1.6069614008495396
0.2589892219621911,1.778482126257178
0.13457492369531535,0.7071456651120949
0.06122688505358201,1.0247897833017585
-0.47439888824800047,1.4369528814683443
-1.1924268984867814,1.7390431441083398
-2.097200642808629,1.4354192060171382
-0.025468497439165298,1.5285230354385202
-0.4894018568023977,1.4968239295615362
-0.4861309519649209,1.6438517616675468
-0.41228535640121833,1.7074782932318862
0.15015407295539085,1.6166760169175274
-0.9273168966440751,1.7068422248411934
0.15257894239651354,1.430670346075657
-0.1785170335436516,1.576921968709024
0.009240473814152628,0.3530676089733179
-3.2298010215470327,1.4363829675928423
0.05733296327429627,1.482553274890035
-1.1572711887132356,1.547704561307454
-0.5083157607133906,0.7445481013597098
0.16480432348531135,-0.34372060674615673
-0.4718976813893619,1.8009731796604345
-0.2703667962613226,1.5611904019312608
-0.488859108277689,1.586361158636419
-0.08004978742014543,1.5562960813370705
0.15090224210170247,1.5468257062940989
0.04054691492001522,1.1419207176134178
-0.0453977492138102,1.7348826045125243
0.15972821005392004,0.11249423996969773
-0.499024925935783,-0.3368829056599634
-0.48307652508170357,-2.964123025863628
-0.3299503224268307,1.5812558494850308
0.2464103077838968,0.24461603828230297
-0.048694491210336706,0.30183937022186996
-0.3325588151600329,1.6981409584077112
0.5522069029119906,0.7339083711654932
0.43770415196668605,-0.13121087172857826
0.35972091915114474,-0.28298333758121347
-0.18268085899781772,-0.4903747023791428
-0.8893846706012936,0.5014245723180633
-1.7946369626826306,0.6943699600609128
0.27256900764611874,-0.4757240485975322
-0.18877266599035503,-0.53364629356599
-0.18859266005675332,0.7988496376424076
-0.11455515564801985,0.694320024979912
0.4459308791381979,-1.2432390259724295
-0.6300374818919569,-0.6197390850102421
0.45364093155493246,-0.5083208801685867
0.12177206334708729,-0.4388384547076249
0.30263123093130856,0.07884633350250671
-2.9417149189809,-0.6830366155750617
0.35132273366194294,-0.5193651782470242
-0.8658964225815188,-0.563959443110961
-0.21564012955266718,-0.08483735806629887
0.46137342069219833,0.655407681989987
-0.1729536859984591,0.7988496376424076
0.023671125638918534,0.600892578857347
-0.19403281613461965,-0.32855162426262696
0.21971006348988542,0.7988496376424076
0.4450321141581344,-0.18749850003218024
0.3368249285930724,-0.5783778548986249
0.2504377439961002,0.6174185655242836
0.4608269410372877,1.191602454857605
-0.19728589210579162,0.8363728523412697
0.33524673322974746,1.5812558494850308
-0.48307652508170357,-2.964123025863628
0.5453282571174557,-0.13837609171392304
0.25290912822181905,-0.6803699823054755
-0.03607919278719652,-0.7065471164361266
0.1286704770478163,0.7217593387014107
0.007263547361966775,-0.3502349527625324
-0.06750019287111242,-0.22477448282275628
-0.6033308281392324,-0.26980170669684755
-1.3204148098233028,0.3472439744360695
-2.2230337483468916,0.6344268490720484
-0.15607427522809217,-0.22477448282275628
-0.6148583265496153,0.13467361203537348
-0.6150234036804901,0.7217593387014107
-0.5412996468634342,0.6853288960229811
0.02591605115555356,-0.21784721761135745
-1.0498261968627816,-0.21784721761135745
0.027668118650100458,-0.6151029327734123
-0.30538163001394314,-0.2846578568256315
-0.11989255326530368,-0.04003669881681682
-3.361221255929014,-0.09559070124157834
-0.07046235974856879,-0.2855804774561446
-1.284054947099268,-0.27942290837934614
-0.6454859358080843,-0.34503950385398313
0.035740601913163646,-0.26980170669684755
-0.5999436842501451,0.7217593387014107
-0.40205923466205373,0.4467119809753533
-0.6201850321947785,-0.23035477979860497
-0.2042091761121389,0.7217593387014107
0.02436046843201778,0.20166664942848156
-0.08608412969244922,-0.23093205189955482
-0.1754994879582752,0.5784926394709448
0.03611941507196978,0.21133963434923012
-0.6267114707732125,-0.02194689721259953
-0.08291532912531298,0.24461603828230297
-0.45049744605713493,-0.13837609171392304
-0.48307652508170357,-2.964123025863628
-0.17527867865785465,-0.3646653001715334
-0.4607903838162247,-0.10316249355598049
0.17815379703634368,0.27117328021358345
0.05314013740155676,-0.3202316535661724
-0.01922743310823158,-0.48080918946788553
-0.5590213761793291,-0.6745851879803353
-1.2722952186378906,-0.3501220173442305
-2.179592656791944,0.18030903841998464
-0.11117722422154203,-0.8806430254580416
-0.5690776259115466,0.10606194606559124
-0.5703958572654277,0.2711732802135822
-0.49288153786276445,0.2665022551343476
0.07202245345061833,-0.9436655866717907
-1.0120201376201587,-1.0597333646986518
0.07142134973135923,-0.5979373490125125
-0.2596033861326916,0.6165142601500233
-0.07608569635871651,-0.08879297195215802
-3.315083197975644,-0.3813978943921949
-0.027835565770542317,-0.9595534275200279
-1.2398341613164972,-0.7000779916254056
-0.5923061497876168,-0.2810023290682287
0.07919409712918385,0.12435476752705041
-0.5552827410681154,0.27117328021358345
-0.3573432689641164,-0.40672952201907
-0.5710561119580191,-1.1611267874845614
-0.15998355213842622,0.27117328021358345
0.07021266426351998,0.24022854489003972
-0.04646385943117294,-0.8824070245587788
-0.12836251450759098,0.15641536128354677
0.0774733217780648,0.3652383177264472
-0.5807493305297642,0.11566238170217628
-0.04081239090336927,0.30183937022186996
-0.4074385140709297,-0.6803699823054755
0.16252401167156383,-0.3646653001715334
-0.48307652508170357,-2.964123025863628
-0.4110753049109627,-0.6446901858055359
0.556483872252816,0.46261728810996466
0.43672146689491725,-0.12525334947905362
0.35698272340172543,-0.28056844031637823
-0.18382311239941693,-0.48705507030871187
-0.8919727191419491,-0.1710401267468219
-1.8049129416537397,0.40409841974074606
0.26309430731116656,-0.5188043780202553
-0.19166075091972493,-0.23135008550095604
-0.18729145052225468,0.4626172881099659
-0.12020239426175454,0.39903242134178385
0.44526242031143853,-1.4923015279108853
-0.6284523616952221,-0.6133990567745493
0.45370714310658383,-0.4851878531744744
0.11878604893013235,0.23362624435725965
0.30109565521081977,0.09329771128444155
-2.9425993806131676,-0.8130385551488761
0.3499110506065535,-0.9468637533460479
-0.8663574525555046,-0.5492868479931952
-0.2153381015483857,-0.07809272075592795
0.4575740705137449,0.7494810633034564
-0.1759686280241043,0.4626172881099659
0.026148348145095944,-0.0715721202075375
-0.19415956999366696,-0.6813050268454334
0.2176078774229579,0.3948596657780304
0.44504610804429356,-0.7535699715792515
0.33286337046247705,-0.5403738735664051
0.24798643938799514,0.3133617211688438
0.4539954535438096,1.6981409584077112
-0.19994556302492222,1.6069614008495396
0.33342163675341113,1.6981409584077112
-0.03610485829351782,-0.7065471164361266
0.5359569502277428,-0.10316249355598049
0.24914184327130776,-0.6446901858055359
-0.48307652508170357,-2.964123025863628
