DGRP	sex	mean_frac	mean_ls	mean_ns_frac	mean_ns_ls	cohen.d_frac	p.value_frac	cohen.d_ls	p.value_ls	LSM_frac	LSM_frac_se	LSM_ls	LSM_ls_se	KL_frac	KL_ls	en_s_frac	en_ns_frac	en_s_ls	en_ns_ls
DGRP_100	NA	0.258976301721598	-0.102029558281796	0.299385444290104	-0.584827224094701	0.437363435235973	0.0957042504911181	-0.23603798170307	0.348782431544418	0.0423517096629059	0.0221811475329781	0.403547246465385	0.523096299526191	1.82981410350435	0.64873348873802	1.6344985714405	1.46522691049474	1.87833761266135	1.40229902275616
DGRP_100	M	0.248903481079261	0.111066703646232	0.289572547038768	-1.03122563591219	0.556053196954731	0.130160752840771	-0.616129073387403	0.0945995518143819	0.0461373861654807	0.0295799833911674	0.403547246465385	0.523096299526191	1.1837069414643	0.0547209683380165	0.860851390631232	0.661563238157982	1.24401669579289	1.45533303519283
DGRP_100	F	0.269049122363935	-0.315125820209823	0.310600184005917	-0.138428812277214	0.373789820454626	0.319633516830517	0.0794339297312579	0.824116092586596	0.0374037380517024	0.0325249880536304	0.403547246465385	0.523096299526191	2.4972661601466	3.87251281205646	1.25198942081371	0.89820533970415	1.34212572274875	0.98689944883853
DGRP_208	NA	0.270878199339043	0.690376834468307	0.314428245817744	-0.391702073405311	0.41123970409378	0.143130598192835	-0.418667130250445	0.13877507088847	0.000672621069228461	0.0225751080031734	0.604181483897388	0.561416924557747	3.08395332630055	0.742083801399183	1.75105260526362	1.33063987643126	1.74306551268186	1.80098899843365
DGRP_208	M	0.248788174797722	1.01137329047409	0.287377972734701	-0.170037297035758	0.411767247339884	0.28916209397692	-0.39474597777397	0.306945383139715	-0.00910772544471685	0.0305705824847213	0.604181483897388	0.561416924557747	3.52659308248795	0.106367738898705	1.09337471755665	0.636514168294813	1.11636707528934	1.22933621590766
DGRP_208	F	0.296649894637251	0.315880969128226	0.341478518900787	-0.613366849774863	0.389182134924891	0.348746732267532	-0.434622148523632	0.305971964972621	0.0107145029031149	0.0325705704610679	0.604181483897388	0.561416924557747	1.54905430582815	0.107619021220886	1.30860538725345	0.853236150555778	1.31437384300695	1.40194545937873
DGRP_373	NA	0.287634408602151	0.22222232380547	0.315702338282983	-0.345783571712017	0.260095065250072	0.318240420106125	-0.278202809501163	0.274863876398999	0.042115384981142	0.0221891445458828	0.379913784109966	0.527988083668901	0.584388699107337	1.90934437049555	1.76700919107457	1.62457213492485	2.07517501258949	1.5796543127498
DGRP_373	M	0.268825738180577	0.439212056672911	0.315316180235535	0.114934769470054	0.553794193471915	0.13395093519647	-0.152502509506336	0.669494206715054	0.0618524773853942	0.0296100356128241	0.379913784109966	0.527988083668901	1.27502650515979	2.49647392440602	0.990835386443849	0.830523691482846	1.40753174071932	1.14327520619421
DGRP_373	F	0.306443079023724	-0.00923339125313477	0.316143661765782	-0.806501912894088	0.0742833960168312	0.841212599380575	-0.408828850913207	0.277580476300488	0.0173017263379775	0.0325325129720694	0.379913784109966	0.527988083668901	0.636606036215883	0.16967905705273	1.40194545937873	1.19734013399678	1.27002786111697	1.40139264660812
DGRP_091	NA	0.376558520188734	-0.501883742168138	0.32426823666959	-0.397635400705849	-0.349594040625444	0.181418621717995	0.0550715426381905	0.827304994161973	-0.00799463059581452	0.0222111648572808	-0.136679500525869	0.528296231407029	1.47000696156988	0.320074869375328	1.8928117869972	1.71699175899951	1.84566140369358	1.74103606399753
DGRP_091	M	0.393296692972567	-0.380325797582051	0.325919140673932	-0.877460159461814	-0.438659369102284	0.224574892090814	-0.302034829313166	0.399912270247475	-0.0217333912556484	0.0291847788318171	-0.136679500525869	0.528296231407029	1.74343666636019	0.251721813395308	1.28204624005285	1.16269983349757	1.18030455699462	1.24401669579289
DGRP_091	F	0.357429179864355	-0.631545549726631	0.322381489236055	0.0821893580501165	-0.234630656329586	0.541102979044318	0.337818317960441	0.350342897979612	-0.00029353092480227	0.0330869426880899	-0.136679500525869	0.528296231407029	0.858534622908361	0.24266593143666	1.33166431029302	1.09130300064685	1.23514465153267	1.27671970477818
DGRP_195	NA	0.207143562889043	0.416407449922672	0.30895632543197	-0.721451313191175	0.989220518968943	0.000437223704304534	-0.486266719798314	0.0668623275567903	0.0262892961770483	0.0225541114301064	-0.0200450277112303	0.544761726996358	3.30046248708718	0.263248006565877	1.73288966485903	1.46291952819335	1.87793596425931	2.04426806329855
DGRP_195	M	0.186819484240688	0.633029260785818	0.301215594338803	-1.10251836763808	1.42745791699235	0.000557282240867752	-0.757038230891948	0.0536048486473067	0.0316287851649555	0.0302362845154445	-0.0200450277112303	0.544761726996358	3.99920172912412	0.067959614718159	0.990835386443849	0.853236150555778	1.32175583998232	1.16999299696686
DGRP_195	F	0.228919361440852	0.199785639059526	0.316697056525137	-0.340384258744273	0.712891351234425	0.073091799220368	-0.222751648687065	0.548359489329084	0.018826895108041	0.0329558482587595	-0.0200450277112303	0.544761726996358	4.0072696176774	0.280733272299912	1.33373602720281	0.690923309313818	1.136916591833	1.52924829303769
DGRP_228	NA	0.230889235569423	0.689714626158903	0.286059109031028	0.125244978154392	0.47322471839113	0.0793437381714392	-0.280861825298694	0.290845161624855	0.027159723981873	0.0221964673994562	0.427551811470903	0.541585964744857	1.77728662300618	0.607374441072124	1.65443092893737	1.55350047877343	1.96667338624826	1.71043678935792
DGRP_228	M	0.2524375975039	0.402099579283087	0.260839183567343	-0.13865304512552	0.0795291231402251	0.824048450336308	-0.324007742419921	0.366780071285754	0.0169540306018292	0.0291254169742512	0.427551811470903	0.541585964744857	1.18565463076912	2.40169267960759	1.1573732982229	0.777462131910929	1.5437891850589	1.25115598336363
DGRP_228	F	0.202158086323453	1.07320135532666	0.314881880989525	0.389143001434303	0.88749248132174	0.0321468222895627	-0.289270957090548	0.483609215351436	0.0338479171688293	0.0331225769536567	0.427551811470903	0.541585964744857	1.03417293723769	0.0977763585870534	1.07513932400537	1.09130300064685	1.32966134885476	1.14327520619421
DGRP_595	NA	0.234560380211709	-0.194599631913522	0.30548282566429	-0.65840861261768	0.859278665692895	0.00153074715743615	-0.239752908044748	0.344794708721705	0.0479629680256538	0.0222307668971504	0.20581470528682	0.527450067156336	0.518806366863749	0.256784223470087	1.48975031885059	1.50628852141752	1.63030584790762	2.07517501258949
DGRP_595	M	0.257647440051847	-0.0896619003428363	0.290645927846187	-0.618036063741228	0.465561852472373	0.203079729407577	-0.259638080401693	0.474806454771105	0.0278744248693673	0.0297134068016899	0.20581470528682	0.527450067156336	0.105122769410274	0.189946263173965	0.900256051268537	0.891867395317251	1.0337005498525	1.43682866896303
DGRP_595	F	0.208175168965837	-0.299537363484208	0.320319723482394	-0.696257877189353	1.22971445194322	0.00270552137101403	-0.209297096087973	0.558300075030688	0.0680846046514901	0.0326233686177763	0.20581470528682	0.527450067156336	2.94710332558167	0.0981090269558527	0.955699891112534	0.882310924515076	1.10343290963819	1.32088834314932
DGRP_705	NA	0.17059920772278	0.981834365173972	0.266281585323641	-0.374721389338634	0.640065223079064	0.0217213926059595	-0.632670445379612	0.0213853105672654	0.0794773849412262	0.0226241802574067	0.749641660008439	0.543552148093766	1.29105856558496	0.64961458032286	1.5627179695419	1.83967982805568	1.71055760218165	2.10618377785189
DGRP_705	M	0.114953271028037	1.82922538385521	0.294427137417792	-0.262902450213473	1.72159042304898	8.32176008959638e-05	-0.825059706054574	0.0371252936723089	0.170558600790695	0.0301886441059695	0.749641660008439	0.543552148093766	0.787373609085052	0.563122880599632	0.673011667009257	1.19445300632336	1.32175583998232	1.48975031885059
DGRP_705	F	0.240156628591208	0.0739154165869282	0.238136033229491	-0.479551644768472	-0.0113202325666759	0.978407489291057	-0.366251877546612	0.327496018151311	-0.020104262972846	0.0331886215788946	0.749641660008439	0.543552148093766	1.71558781539938	0.454865760978127	1.11874333598575	1.09861228866811	1.5498260458782	1.32088834314932
DGRP_075	NA	0.24074794638997	0.303773088743825	0.364111543450065	-0.691063425805607	0.950182819373336	0.000513398258464956	-0.456177074916664	0.073753362860962	0.0671604505637485	0.0222433696534942	0.466386180889356	0.523946202808	2.15768455627945	0.735706160482001	1.71408754118701	1.87917780224278	1.52925400861744	1.92190156121465
DGRP_075	M	0.251159208819715	-0.753865235705555	0.341820687418937	-0.931060521972094	0.85029315541605	0.0228378420746604	-0.135887121190777	0.703583374983132	0.064575710860009	0.0291638646713099	0.466386180889356	0.523946202808	2.47323779168936	0.809859490670546	1.07173009411245	1.02392879963894	1.36868963762284	1.14327520619421
DGRP_075	F	0.228849360755976	1.36141141319321	0.38958680748564	-0.451066329639121	1.04439997305632	0.0103754308174666	-0.691304743777324	0.0623614891955814	0.0692848245254682	0.0332376195235566	0.466386180889356	0.523946202808	0.795461742399942	0.217937522965168	0.89820533970415	1.37605528526042	1.21231388026715	1.39173976951833
DGRP_820	NA	0.2988375623509	-0.157113858920949	0.272374756018217	-0.864448305528585	-0.253652852216742	0.330458786266425	-0.366920548112159	0.155821803609147	0.0115950828223637	0.0221881160385227	0.89505379208962	0.531729349041591	0.744320373143257	1.03492416800383	1.626541081468	1.46719585703789	1.88685028949272	2.06146460491254
DGRP_820	M	0.310466276295814	0.543603034879988	0.283443938408154	-0.674887099524866	-0.263425935518737	0.47761079879661	-0.580184540166414	0.131046427860525	-0.000628279254572123	0.0300633230003855	0.89505379208962	0.531729349041591	0.52417406524113	0.0994217307218744	0.882310924515076	0.673011667009257	1.23514465153267	1.42444277850362
DGRP_820	F	0.287208848405986	-0.814035946859327	0.26130557362828	-1.06664692526589	-0.238999147420433	0.518557778972678	-0.152468081326196	0.669904578396644	0.0280087306350161	0.0320146034920388	0.89505379208962	0.531729349041591	0.373152896374572	0.122423059767664	1.00961375817404	1.02003695840184	1.12748323499323	1.39539709232679
DGRP_879	NA	0.155037610201936	1.57664573918559	0.31863000608114	-0.207049239315615	1.53959946911868	2.94645786875362e-07	-0.739283728524144	0.00541154147329852	0.11071880496706	0.0222953005243694	1.11456292789971	0.537376849315019	6.50243208733027	0.910450790995159	1.56849808584113	1.55303176996661	2.10618377785189	1.95034820148756
DGRP_879	M	0.154181326557206	1.58312177110688	0.309243332464599	-0.429466326429318	1.57482717142346	0.000136023239100006	-0.775056032305937	0.0382715117959155	0.127136082395101	0.0297268635959764	1.11456292789971	0.537376849315019	7.29686536681895	2.27407736299918	0.831402520495638	0.690923309313818	1.30509637194834	1.0625354080616
DGRP_879	F	0.15609149776468	1.56973797180289	0.32801667969768	0.015367847798088	1.46162678763837	0.00108986512224654	-0.679707215287927	0.0745448064759943	0.0917918828134369	0.0326835069457248	1.11456292789971	0.537376849315019	6.48845214869546	0.228327593885298	0.925129083572082	0.990835386443849	1.56413150262199	1.48975031885059
DGRP_105	NA	0.290351105331599	0.189877254967513	0.328179453836151	0.113246322655216	0.349128347800058	0.181706426737267	-0.0320654523585201	0.898392131484457	0.0369133666460491	0.0221845579056857	0.0632361524134464	0.523022720497303	0.644834665462343	0.242448954870231	1.66235956232166	1.62778291945148	1.64561986401203	2.07643143118613
DGRP_105	M	0.31559655396619	-0.748736157921755	0.324138491547464	0.116334802689581	0.0963030403956522	0.787200348335818	0.567332450255658	0.12339587105562	0.017817431500849	0.0291865655958413	0.0632361524134464	0.523022720497303	0.580162020273647	0.142110564911696	0.881532261188164	0.864740096527637	1.5808185358593	1.40139264660812
DGRP_105	F	0.261499164034925	1.12849066785678	0.332797696451793	0.110157842620851	0.559324744586502	0.151669890389577	-0.348495983731413	0.333882631093602	0.0587015834252129	0.0330524993602721	0.0632361524134464	0.523022720497303	1.9672809220288	1.19065111979716	1.25404190173345	0.992281974852574	1.24401669579289	1.25548232517875
DGRP_859	NA	0.208691399427094	0.483714159286631	0.32077332295316	-0.176809180695655	1.18809305109852	0.00015362662977799	-0.227833599595411	0.40170139488511	0.0330436606098834	0.0228781869874722	-0.378917109921081	0.553414259918223	4.11336396022325	0.730262401859152	1.78864009828235	1.21189461111551	1.5554099031431	1.98061664646907
DGRP_859	M	0.229306690887072	0.5816162823331	0.31735759698975	-0.0343265495517554	0.841214149793291	0.0362457422326429	-0.231110560296527	0.534769668269382	0.0592429527247167	0.0296405123529258	-0.378917109921081	0.553414259918223	4.49467766172485	0.256112005059396	1.23514465153267	0.685314207276458	0.988154224290194	1.45533303519283
DGRP_859	F	0.180579638345306	0.37075017115609	0.324677009768485	-0.33964647343154	1.800089715779	0.000281074717435436	-0.218737544647173	0.587897905414848	-0.00501886811280346	0.0348009926290223	-0.378917109921081	0.553414259918223	4.90798236756054	0.239116324168892	0.934769897858279	0.830471712436292	0.937155853065701	1.43770144364294
DGRP_303	NA	0.160007215007215	0.361596222762833	0.297077922077922	0.415775592935151	1.14642874377495	0.000703758343168629	0.026932512877984	0.929357980252751	0.0366547241416706	0.0228862838362592	-0.342615813508592	0.628950803540381	3.52375743701637	0.513164360203625	1.50507212262811	1.72918066376088	1.93710617582932	2.02842199954644
DGRP_303	M	0.186547619047619	0.228810029917755	0.294085914085914	0.528436369320167	0.874612224919576	0.0421057442375811	0.154387623541372	0.702598395556397	0.0702243025244946	0.0306842350354387	-0.342615813508592	0.628950803540381	0.629348852007591	0.104016213711185	0.918427784993098	1.22028216627224	1.47350238508065	1.37781950803903
DGRP_303	F	0.106926406926407	0.62716860845299	0.299670995670996	0.324238712122326	1.66145523800829	0.00131104584227589	-0.13932835562969	0.797714310402975	-0.00504372046620221	0.0335344140171434	-0.342615813508592	0.628950803540381	1.01218475602475	0.577434564903321	0.636514168294813	1.36244748519163	1.32966134885476	1.39173976951833
DGRP_321	NA	0.204914335285188	0.4278552122365	0.27874213836478	-0.139305418976923	0.609516026854311	0.0216939523844623	-0.221530821093191	0.384053402567642	0.0419873617284603	0.0222103745242945	0.209184702886697	0.532172942627504	0.249993610396781	0.148518788602628	1.7783357935276	1.77967637460442	1.88246678973838	1.94991483677475
DGRP_321	M	0.215736824983734	0.156506818260029	0.296438950336153	-0.539233297076748	0.654756395998934	0.0785676083599085	-0.279843748185367	0.437290203364662	0.0540827945419341	0.0295739426856639	0.209184702886697	0.532172942627504	0.229104989111027	0.161569596003803	1.07173009411245	1.17105986999037	1.04083983742324	1.28687263039802
DGRP_321	F	0.192545775629705	0.699203606212971	0.261045326393407	0.260622459122902	0.56492999327606	0.14529020946963	-0.164210727965409	0.650895370484194	0.0272436390266827	0.0326033056016567	0.209184702886697	0.532172942627504	0.397963354763616	0.244229310842085	1.03460123291018	0.990835386443849	1.48984879647419	1.41536913507919
DGRP_304	NA	0.231757833244822	0.830110086175439	0.301193721602644	-0.285376445229839	0.542576452194212	0.0441699789351496	-0.497715438910969	0.0609916911453919	0.0604244766275738	0.0222072333874697	0.719395605765614	0.541290234151836	1.49800984804369	0.398442444415631	1.82164990133467	1.65855194228393	2.05046954143874	1.94050126488909
DGRP_304	M	0.264118649318463	1.10770651572235	0.283775299463032	0.142816861090691	0.151946403492289	0.67263750354387	-0.384096966493594	0.291645163113316	0.00598358956468097	0.0296914338267662	0.719395605765614	0.541290234151836	0.172085006769505	0.022104876432422	1.28204624005285	1.0775733728922	1.42444277850362	1.36244748519163
DGRP_304	F	0.188610078479967	0.488452942117703	0.318612143742255	-0.686807669905335	1.04948330858366	0.00950670527708223	-0.609925871586629	0.127306158201182	0.120168625675184	0.0324828814674101	0.719395605765614	0.541290234151836	0.48527826676105	1.64988435023397	0.959614793912049	1.26347949406503	1.52470739303014	1.10343290963819
DGRP_309	NA	0.24401455026455	-0.539270034556543	0.299359292328042	-0.48195820816273	0.591579841311202	0.0268741510403116	0.0381959791100265	0.879071532161152	0.0474000147607005	0.0221949347426899	-0.181848465380327	0.523065545797901	2.25404687522048	0.104546900161531	1.69262800730317	1.16828245017656	1.94032724071995	2.07552505503809
DGRP_309	M	0.253422619047619	-0.54489663278981	0.284482473544974	-0.157135479746542	0.450965224917564	0.227652424354051	0.253587330679574	0.478766784551258	0.0365239282960143	0.0300420817531527	-0.181848465380327	0.523065545797901	0.711294042444174	0.137173282210116	0.803314976140876	0.673011667009257	1.21231388026715	1.46147212930402
DGRP_309	F	0.234606481481482	-0.533643436323276	0.314236111111111	-0.806780936578917	0.696943763416986	0.0721877392811997	-0.184058700118596	0.606636210716787	0.0599648688268262	0.0320217749525675	-0.181848465380327	0.523065545797901	3.78140749976957	2.32566797183731	1.26541309651417	0.673011667009257	1.34212572274875	0.984086503082915
DGRP_362	NA	0.135775586012553	2.41040754509163	0.334113369658393	0.684261723520257	1.96584951459478	5.99826019843251e-08	-0.581182508328121	0.076651956943482	0.127634258803642	0.0228333535574094	1.33008884045357	0.624682517837446	6.61687542284271	0.23445133061746	1.4320124921731	1.6249783052378	1.82173839332084	2.05789753192241
DGRP_362	M	0.115430596473251	2.02680703876366	0.326915687105261	0.862443721838328	2.28482827967486	8.11797778897948e-06	-0.3807617772598	0.357965421099373	0.14645374953725	0.0305696895113555	1.33008884045357	0.624682517837446	8.26565642616723	0.217910949648067	0.562335144618808	1.01233083910317	1.11874333598575	1.37781950803903
DGRP_362	F	0.166293070321506	2.98580830458358	0.341311052211526	0.506079725202186	1.56684338704105	0.00632613871379453	-0.834381337769917	0.154112476650699	0.108934195486342	0.0333158088386459	1.33008884045357	0.624682517837446	5.19153311833175	1.41599515462325	0.974314752869349	1.01233083910317	1.49417513828931	1.23093162304792
DGRP_386	NA	0.269393217078576	-0.252920881327776	0.312256931376239	-0.216911544841606	0.351377730229862	0.178861351802897	0.0188248371684668	0.9402203568538	0.022964055607097	0.0222148971128878	-0.218507915611629	0.523433548689834	0.575115051615258	1.55909215505445	1.54862731441777	1.75187496858382	2.01675822790849	1.88030361883082
DGRP_386	M	0.275992138167524	-0.0378825577873859	0.293234851336093	-0.612868585188971	0.251031579373317	0.488080353122198	-0.304566650416514	0.395989510833909	0.0180395325424979	0.0296929064579377	-0.218507915611629	0.523433548689834	0.550314270107298	0.234826696760042	0.882310924515076	0.621086374555245	1.34212572274875	1.36868963762284
DGRP_386	F	0.262794295989629	-0.467959204868165	0.333996451422119	0.17904549550576	0.438291893469074	0.250361297853629	0.332723087436028	0.354705146304567	0.0260612468314829	0.0326159390752558	-0.218507915611629	0.523433548689834	0.3539597753739	0.167407638325045	1.21055784417747	1.47013192040884	1.32088834314932	1.42444277850362
DGRP_059	NA	0.189610245131808	1.13534277442346	0.328411299995864	-0.108840514328633	1.08273432928137	0.00011020548206399	-0.524454300283312	0.047173183121585	0.087626155388464	0.0223651888485163	0.951906407632402	0.536420829026483	1.49418155113777	0.708043688309365	1.520489401628	1.93059921439401	1.8132190031119	1.72557232388809
DGRP_059	M	0.222583447077801	0.788942234416239	0.313504570459528	0.0997550842208394	0.89836833999909	0.0203870774508066	-0.374427136183508	0.313972698306755	0.0788237708173573	0.0295699831384542	0.951906407632402	0.536420829026483	0.430545530307261	0.246968499512498	0.953271014705891	1.08325501051851	1.43221390436024	1.5437891850589
DGRP_059	F	0.154281814475387	1.48174331443068	0.3433180295322	-0.331342486114738	1.25818577021814	0.00233984228477693	-0.634316032792417	0.0948919024568218	0.0974775409606221	0.033093348764823	0.951906407632402	0.536420829026483	0.918655629249559	0.546426837047253	0.89820533970415	1.28687263039802	1.33786067783643	1.0775733728922
DGRP_390	NA	0.253477920895022	-0.289488805270948	0.263215976647325	-0.280385900980872	0.0919452982987071	0.730852375830148	0.00395971723310252	0.987916991782952	-0.00388052918554466	0.0225563037901232	-0.25295109825548	0.54069734782563	0.935188139596997	0.637631153656514	1.59525393697838	1.58376078701143	1.82570573334176	1.46449590446072
DGRP_390	M	0.25266218124429	-0.31344766346739	0.244829304759532	-0.951370931455021	-0.0828390184525333	0.828512244335092	-0.350660993366397	0.331972681089188	-0.0101035671057821	0.0305704562795578	-0.25295109825548	0.54069734782563	0.380875244208095	0.00171443641914452	0.500402423538188	0.991138896613094	1.19007630720819	1.22933621590766
DGRP_390	F	0.254351927663665	-0.263932689861409	0.281602648535118	0.438526631670002	0.229661283801066	0.548706828893434	0.26036387597072	0.497971862742812	0.00547075880607524	0.0325058318487515	-0.25295109825548	0.54069734782563	0.745972326189187	0.12586914379024	1.23965939205439	1.05472091690681	1.39539709232679	1.12753478981913
DGRP_405	NA	0.182805916243873	0.979170371376498	0.29546965918537	-0.744901718451024	0.804337701163868	0.00321609032304696	-0.670128594736754	0.0115787440556148	0.0792709105799596	0.0222517735245746	1.02397937910435	0.536511348480467	3.58888357812834	1.15083603419125	1.71345981740836	1.7683497721514	1.90372926187222	1.73487818420687
DGRP_405	M	0.197786783042394	0.146251376718691	0.28836242726517	-0.706152521306434	0.690721337493368	0.0633435268482011	-0.447634633876411	0.219777432786768	0.0765246805235863	0.0296182809992872	1.02397937910435	0.536511348480467	0.325203514054	0.295911009013302	1.07173009411245	1.18222300164511	1.18030455699462	1.40194545937873
DGRP_405	F	0.164367926338001	1.86761729901149	0.302576891105569	-0.781229090774077	0.902223725639687	0.0271974259981808	-0.869719695304857	0.0302634200792876	0.0819447145657503	0.0326556392891834	1.02397937910435	0.536511348480467	1.26280013531443	1.40342939919792	1.03176711135054	1.0775733728922	1.26809425866783	1.16269983349757
DGRP_437	NA	0.277735100978813	0.0057611216293752	0.295423945814232	-0.646904685049208	0.170308227801307	0.512136427306804	-0.33394104990197	0.187177913654788	0.0222665226805618	0.0222305857631887	0.30266706213866	0.523951978123185	1.51762425862299	0.154160946931117	1.59971029081076	1.46926931254325	2.01725832463826	2.202070185726
DGRP_437	M	0.27884555817123	0.252785399127799	0.268632552760914	-0.453094928203133	-0.166417033657517	0.644644786622563	-0.357327453725834	0.320442150986431	0.000691615393002373	0.0296954736012815	0.30266706213866	0.523951978123185	0.0734225819926578	0.0902638639714428	0.621086374555245	0.853236150555778	1.4740568252732	1.5437891850589
DGRP_437	F	0.276466007044622	-0.241263155869048	0.322215338867551	-0.840714441895283	0.337919642103291	0.373665648337916	-0.304061054643677	0.398979169326714	0.0450005198919007	0.032542311178676	0.30266706213866	0.523951978123185	0.879128436829454	0.246276404996865	1.17099712611621	1.21055784417747	1.25115598336363	1.34212572274875
DGRP_486	NA	0.142498052240948	0.735658432004918	0.284627055398368	-0.278808042984853	1.4422913281184	6.53428824886663e-07	-0.447283537402005	0.0833411125969798	0.109368200209158	0.0222391526638883	0.711520569154623	0.5317164683331	2.29996119328272	0.946957243507649	1.4518277077511	1.67689694930131	2.02453809545099	1.73850033807731
DGRP_486	M	0.112990527740189	1.20184727120808	0.269496042973716	0.275780515008058	2.04949904405396	8.16519777852749e-06	-0.356998037431098	0.326677958954223	0.111576809880919	0.0307155751156713	0.711520569154623	0.5317164683331	1.71763652397108	0.287735378947127	0.519579839130515	0.853236150555778	1.40194545937873	1.24401669579289
DGRP_486	F	0.168317136179112	0.298606395251951	0.29975806782302	-0.870369171510625	1.15424782213748	0.00323053030599193	-0.639115352945542	0.0832721795512503	0.106928678099999	0.0315626378497566	0.711520569154623	0.5317164683331	0.336740116331382	0.106267431431137	1.02392879963894	1.21055784417747	1.30509637194834	1.43221390436024
DGRP_584	NA	0.240803745011767	0.498598138436336	0.271740026376525	-0.631811481344564	0.399844127151546	0.132527246845033	-0.472210596552608	0.0698122526597234	0.0356158006383133	0.022408018739516	0.807004769036088	0.528203076660632	0.724447440707507	0.5080773693925	1.50659070984966	1.3082839973206	1.78913725521581	1.81890665915201
DGRP_584	M	0.261675144835382	1.53295757673769	0.253939993405869	-0.534060805687682	-0.124175336637499	0.744071321500073	-0.714446669845746	0.0636572079288915	0.00157841633543737	0.0305870325195554	0.807004769036088	0.528203076660632	1.34646223468996	0.376680602945853	0.955699891112534	0.392674467227552	1.00961375817404	1.2996509635499
DGRP_584	F	0.22132377184306	-0.471113834971181	0.289540059347181	-0.729562157001446	0.778206045052402	0.0426040053443848	-0.162997189951044	0.649108948220137	0.0697026328421349	0.0320980155687807	0.807004769036088	0.528203076660632	1.06131980930941	0.18193947877023	1.02003695840184	0.882310924515076	1.16018624397852	1.46147212930402
DGRP_026	NA	0.303786626212351	-0.168283220668783	0.283164442247487	-0.614634160863857	-0.147904065197294	0.574579999642731	-0.244514169381254	0.353236279187885	-0.00314408886028321	0.0224003275616342	0.271545053350061	0.541091795817704	0.363578546667252	0.516143385865894	2.0480825942304	1.90563862718656	1.71823371182505	2.0299396107678
DGRP_026	M	0.355629016312407	-0.273551515790262	0.285491843796342	-0.885545452683196	-0.591472982899031	0.10764493429304	-0.295194593215379	0.413093304049724	-0.0383834614192203	0.0296567207787808	0.271545053350061	0.541091795817704	0.69175598697945	0.0654265752174186	1.21231388026715	1.17105986999037	1.22810585146814	1.24544105376177
DGRP_026	F	0.239980607627667	-0.0387222420577326	0.280837040698632	-0.360654824783227	0.268003895848598	0.493049220949265	-0.205752854887258	0.593616060845567	0.0434060930970978	0.033216273962295	0.271545053350061	0.541091795817704	0.117235948327888	0.0813764446005554	1.33224492243853	1.33217904021012	1.30387552933639	1.48270950890345
DGRP_385	NA	0.289713862851505	0.200384605693544	0.308608781450419	-0.112074187265684	0.145674862222805	0.583117915868374	-0.135327558162136	0.604747217588214	-0.00397602807623171	0.022414882501228	-0.0972983092316983	0.541268659020053	2.76447609808546	0.265703967584605	1.90250344661721	1.34307227795034	1.76174794241955	1.88908324010697
DGRP_385	M	0.315975990790988	0.290000443875508	0.294269548593981	0.233558130507444	-0.163608738432914	0.65954172759296	-0.020956575654866	0.954234002564048	-0.000784229555011548	0.0296985873810681	-0.0972983092316983	0.541268659020053	2.16121226285073	0.234426298307289	1.36244748519163	0.830523691482846	1.136916591833	1.42444277850362
DGRP_385	F	0.261575868630629	0.104367636212867	0.324996476143491	-0.480748659557022	0.498985251983091	0.204345523423208	-0.312527222547285	0.411414452779441	-0.00474443383758106	0.0330631720069768	-0.0972983092316983	0.541268659020053	4.72698103750467	0.0396965817717696	1.37605528526042	0.693147180559945	1.37605528526042	1.48975031885059
DGRP_395	NA	0.190343335421056	1.76457393546915	0.329101899827288	-0.868535751922958	1.10834681423903	0.000177089138451662	-1.27157348044529	3.52626245411686e-05	0.0986333317491975	0.0226484151169931	2.03637521233979	0.542849354322838	2.39513961931863	0.839505736336373	1.76851516967603	1.74248578271872	1.83131335149713	2.06364957047885
DGRP_395	M	0.168061644745582	1.61206033396354	0.288065938810757	-0.707191564408964	1.23080861719488	0.00296579543806846	-1.09080323066863	0.00767537549908976	0.099467318596557	0.0302824759274631	2.03637521233979	0.542849354322838	0.451834750243487	0.0804798881933945	1.01233083910317	1.16269983349757	1.26541309651417	1.30509637194834
DGRP_395	F	0.212625026096529	1.94055116797562	0.376000140989038	-1.02987993943695	1.13382901961058	0.00883054029520365	-1.43296217693749	0.00255702384897113	0.103822304512219	0.0332000527598861	2.03637521233979	0.542849354322838	4.34155420551041	0.574339445788576	1.11896886688163	1.19526841708698	1.41274463686385	1.36868963762284
DGRP_517	NA	0.250740186294079	0.210701299973272	0.266375582168995	-0.828509899456745	0.175179725983272	0.500239873432458	-0.463104383833128	0.0756808004647921	0.0192546426132163	0.0222186895180514	0.989670531929046	0.5272952620641	0.223625786729524	1.17379739847682	1.5599539168708	1.43111191943298	1.68873768115676	2.05428767543867
DGRP_517	M	0.260814308882235	0.0613861421205909	0.265999251497006	-1.03585293577858	0.0626045155485405	0.860641691284685	-0.445693557526923	0.22288309044721	0.0169667947965937	0.0292554157553974	0.989670531929046	0.5272952620641	0.29802863525432	0.188856614183181	0.661563238157982	0.822265337328788	1.10343290963819	1.35359135213461
DGRP_517	F	0.239226903336185	0.369970801682798	0.266805674365555	-0.621166863134911	0.279700507299392	0.466419710342285	-0.480804089297631	0.198903362754425	0.0252212594658111	0.0330669029932171	0.989670531929046	0.5272952620641	0.214172352363097	0.676192246975954	1.07899220787758	0.89820533970415	1.26809425866783	1.51541251788873
DGRP_551	NA	0.301634719110447	-0.347793765482875	0.267504771388267	0.18335088914777	-0.3722668426939	0.155311448787887	0.242419388477478	0.340989238501873	-0.00226806443011886	0.0222304364888873	-0.61101881224855	0.527628543525898	0.590333303170425	0.885643102427191	1.56863470126418	1.38697470768627	1.7809865604024	1.97609979676083
DGRP_551	M	0.276889884656875	-0.446827121261136	0.264819828230022	0.278520150954634	-0.172503788295618	0.632116675204022	0.294390922304257	0.411763980946955	-0.0007763009500346	0.029653854793998	-0.61101881224855	0.527628543525898	0.163508254986141	0.263838707257639	0.673011667009257	0.900256051268537	0.974314752869349	1.33166028682243
DGRP_551	F	0.32637955356402	-0.242158185986063	0.270573277854831	0.0881816273409067	-0.507155902485433	0.178095032952806	0.169540354497085	0.641735859109911	-0.0054046704133705	0.0326181405465368	-0.61101881224855	0.527628543525898	1.16371028787535	0.279883176570035	1.17105986999037	0.830471712436292	1.08057384836485	1.56502656465832
DGRP_559	NA	0.326445599274107	-0.520939684690414	0.290303555225604	-0.896349531193018	-0.275805352127301	0.290206256487477	-0.236681039397555	0.347909332453395	0.000546941481456405	0.0222649904215971	0.141029115382782	0.524271959644649	0.942837105006783	0.483282932721633	1.57739552166295	1.57070815676954	2.04332214278258	1.77991130218214
DGRP_559	M	0.284079848222387	-0.229489762114393	0.268265899529819	-0.865506234285363	-0.201863218774276	0.578675150745532	-0.356374524694356	0.322507995412779	-0.00334281598138104	0.0297737482933477	0.141029115382782	0.524271959644649	0.609343952262641	0.269550322851996	0.803314976140876	0.864740096527637	1.32088834314932	1.22991860376421
DGRP_559	F	0.368811350325827	-0.812389607266434	0.315489447449358	-0.927192828100671	-0.320465956310498	0.391507464017835	-0.0827939852003996	0.816606309773953	0.00404523948333423	0.0325377027585984	0.141029115382782	0.524271959644649	3.66113136687621	0.282236664053338	1.26809425866783	0.598269588585257	1.30509637194834	1.24401669579289
DGRP_732	NA	0.245140911445287	-0.0522730781083156	0.299782483788886	-0.781880818363717	0.428797634381011	0.106310373978794	-0.465604904029471	0.0719215102331353	0.0342937348732884	0.0224113020865355	0.179254305623729	0.532707642562224	0.71216481165977	0.354134777543717	1.89911636021103	1.77683555579127	1.97483679240078	2.04011973130453
DGRP_732	M	0.219354838709677	-0.211346829508867	0.281720430107527	-0.791227008790656	0.530017675745087	0.157765078933797	-0.326063110422287	0.380304662824947	0.0346241642081903	0.0301532320486299	0.179254305623729	0.532707642562224	0.31924135041079	0.403658303657717	1.23514465153267	1.0625354080616	1.22933621590766	1.27464262571977
DGRP_732	F	0.272768846519154	0.0968585638297016	0.317844537470245	-0.773118764838461	0.328792478371489	0.3890652610414	-0.625496475592309	0.0870527722050767	0.0376500097494567	0.0325936251702969	0.179254305623729	0.532707642562224	0.205388764692983	0.24553778263542	1.19526841708698	1.21055784417747	1.33166028682243	1.56502656465832
DGRP_737	NA	0.251367536988316	-0.221294391362989	0.299465877809277	-0.682669911299507	0.491203066376887	0.0669229961238367	-0.28992876913273	0.275008789967934	0.00682130545974456	0.0223553593302755	0.193914751033469	0.53675202010126	1.3295987450334	0.240280698362736	1.74893242590352	1.29695739486757	1.88839932445746	2.05575358487836
DGRP_737	M	0.271988519307637	-0.592084894271479	0.27670097374584	-0.762533000314649	0.0565609179746822	0.879737410978138	-0.135350452276252	0.723718283383492	-0.0138055835856258	0.0300099921749851	0.193914751033469	0.53675202010126	0.0646939794024664	0.4552434402724	0.992281974852574	0.881532261188164	1.23264328449874	1.56502656465832
DGRP_737	F	0.232121286823616	0.124776744684935	0.325482911024634	-0.602806822284365	0.853740993209895	0.0286755336487334	-0.38971667661409	0.296270570018782	0.0253725929656389	0.0325850450605346	0.193914751033469	0.53675202010126	2.57553423905691	0.0994217307218744	1.0775733728922	0.682908104700472	1.36244748519163	1.51108617607361
DGRP_786	NA	0.214327997331999	0.117904601722441	0.287581290645323	-0.650975848364652	0.761076705515512	0.00518417438189763	-0.369374953974357	0.154576921483523	0.0534242181981942	0.0225588292205127	0.408514069183838	0.54113195475845	0.962079998755631	0.991949594669509	1.65387377868179	1.59278477055485	1.90279364778392	1.84059607062574
DGRP_786	M	0.244403451725863	0.0937176677099272	0.264305229537846	-0.210814266406396	0.258086599040504	0.482982292599388	-0.15199483817871	0.681252723287812	0.01131969965319	0.0306336386500519	0.408514069183838	0.54113195475845	1.68588616931906	0.0724584115007479	1.02392879963894	0.690185676018804	1.36868963762284	1.27001815191049
DGRP_786	F	0.179956049453298	0.143703998002456	0.307753876938469	-1.06179332485903	1.18492706666385	0.00372822276902452	-0.551778934338986	0.14546388424813	0.0891410745846216	0.0326151080753234	0.408514069183838	0.54113195475845	0.639926533819556	0.928335338024141	1.00424247305408	1.17105986999037	1.17105986999037	1.36244748519163
DGRP_787	NA	0.252865275142315	0.324470885480467	0.308454564621548	-0.191810289523047	0.583115273473061	0.028111679764018	-0.245033767739691	0.339444684799617	0.0367989574262146	0.022203045873495	0.39929833152337	0.52750473597256	2.60161025065945	0.512254950899576	1.56987653924765	1.38817629092162	1.75399010720062	2.16880764344905
DGRP_787	M	0.276786843769766	0.115284847328844	0.291540164452878	-0.539467050013368	0.202038172214883	0.572028807691543	-0.447888862534193	0.215940869719202	0.00931768446039381	0.0292090976231748	0.39929833152337	0.52750473597256	0.976301316285668	0.183530078908514	1.0337005498525	0.661563238157982	1.42263002620755	1.5808185358593
DGRP_787	F	0.225526339568085	0.547602659508865	0.327785307671456	0.155846470967274	0.897251325341913	0.0266941968166298	-0.148666046390272	0.688931500682564	0.0677144544138723	0.0330922388036373	0.39929833152337	0.52750473597256	4.26256149529119	0.252378244759546	1.23965939205439	0.89820533970415	1.16999299696686	1.4201164366885
DGRP_790	NA	0.238583646015852	0.852072006782768	0.247812381792964	-1.01588568536082	0.0798830868219678	0.762501996762119	-0.894013128685097	0.00151617413225484	-0.0126381875098887	0.0222853635361824	1.21135597769585	0.547024357522069	1.83300305560175	0.211707089922727	1.86403042052855	1.43849104879206	1.79718398805884	2.00841805248967
DGRP_790	M	0.291514310931787	0.67224813198927	0.247165132602026	-1.09239425883664	-0.431246121494448	0.251164332496289	-1.03898055605753	0.00881912133198375	-0.0369294577027256	0.0301334655190671	1.21135597769585	0.547024357522069	1.8517295910967	0.134367172183846	1.17105986999037	0.579915171418101	1.36051388274249	1.08057384836485
DGRP_790	F	0.181872219320208	1.04474044406152	0.248459630983903	-0.939377111885004	0.563085323113055	0.147571725911247	-0.798059845450259	0.0512721449177606	0.0109268559654004	0.0321582497373385	1.21135597769585	0.547024357522069	0.895954584780366	0.194728826523849	1.10326349884835	0.927617334327182	1.25404190173345	1.45948187386908
DGRP_802	NA	0.251777470440423	1.36122017898612	0.29804169832025	-0.396320635929375	0.301116330372774	0.283198449247873	-0.629725310134176	0.0307751495913476	0.0192280572829352	0.0222182222900876	1.43013001911459	0.553114052947491	3.10447258632209	0.717167773164762	1.9616662966266	1.70276093873398	1.81477841163549	1.83683224192754
DGRP_802	M	0.249025069637883	1.59400594995125	0.269989237781717	-0.602537786843029	0.130410190389493	0.723519574523285	-0.707729636836507	0.0679907191192984	0.0204033171015553	0.0291857609790265	1.43013001911459	0.553114052947491	1.7155714810062	0.0366041117051365	1.36244748519163	0.98689944883853	1.28687263039802	1.19007630720819
DGRP_802	F	0.255530744262069	1.04378503676093	0.33010165322143	-0.190103485015721	0.50675621377477	0.26120315209518	-0.497823004456458	0.263571806102664	0.0144244820326637	0.0331615408282282	1.43013001911459	0.553114052947491	3.58334240835174	0.571155770415988	1.3421131789144	1.00424247305408	1.2406842919534	1.39173976951833
DGRP_153	NA	0.26043261951114	-0.906348174240524	0.344066772583857	-0.124457191053866	0.65110754092567	0.0150416560296378	0.430778704257969	0.0986672901664713	0.0662376155407746	0.0223708672511872	-0.895919235902114	0.531771378913199	2.29482605905542	0.303212195279014	1.96548242397831	1.59525393697838	1.91733296963122	1.96778980627971
DGRP_153	M	0.318997404282933	-0.701486767841959	0.3561509224066	-0.918103758038435	0.29661996423138	0.407018461727053	-0.129576397613889	0.723921168112986	0.0454287819378268	0.0301108845813173	-0.895919235902114	0.531771378913199	2.25792975211018	0.82172108333444	1.46147212930402	0.75893677276206	1.51108617607361	0.953271014705891
DGRP_153	F	0.193501436914805	-1.11120958063909	0.332788232749297	0.669189375930703	1.1746900081788	0.0038198158658164	0.976602121928469	0.0114532779858981	0.089064026782092	0.0325772538652757	-0.895919235902114	0.531771378913199	0.812618495899633	0.421690051444925	1.00424247305408	1.136916591833	0.918045918065631	1.37929225447268
DGRP_313	NA	0.218030437165381	-0.115604735598351	0.285055436111462	-0.540979294090161	0.70410415617163	0.00903760727484383	-0.236537473910512	0.347863694490626	0.0725785950377965	0.0222390842873714	0.101628664697732	0.524080271144487	1.65971896005847	1.09215388909135	1.76029735322434	1.37838885224745	1.95219914952407	1.93584764503143
DGRP_313	M	0.229330024029341	0.171046275697608	0.27073900763037	-1.13032642393242	0.483061251572151	0.184377242105298	-0.85134954785386	0.0243202473804701	0.0597347710412639	0.0296503208382165	0.101628664697732	0.524080271144487	0.174154291972984	0.0987821554217522	1.08219553003877	0.882310924515076	1.36868963762284	1.4740568252732
DGRP_313	F	0.205116623606569	-0.40225574689431	0.299371864592555	0.0483678357520922	0.891305615736887	0.0297292589129703	0.228507583202682	0.523006696728063	0.0782781061099242	0.0326526903595571	0.101628664697732	0.524080271144487	4.97704151996398	2.51734808767519	1.10326349884835	0.690923309313818	1.2996509635499	1.30509637194834
DGRP_721	NA	0.26058785942492	-0.233163385497547	0.274419595314164	-0.282620954314692	0.129051953151376	0.61923607728174	-0.0251962939520327	0.920617485358228	0.0101028787149805	0.0221897254830158	-0.0845217885524761	0.527927857264764	0.57873388916031	0.083615093688322	1.81171876537557	1.52887832732422	1.66369512490583	1.81413640954884
DGRP_721	M	0.305615015974441	-0.765878346902548	0.300199680511182	-0.0912157423906031	-0.0631999219704905	0.859344458048436	0.471769398908796	0.194489252016486	-0.00238180775379979	0.0291507754044461	-0.0845217885524761	0.527927857264764	0	0.217677585668917	0.830523691482846	0.830523691482846	1.42444277850362	1.46147212930402
DGRP_721	F	0.209128251939754	0.299551575907454	0.244956640803286	-0.486786513700387	0.307177163895567	0.424488989386357	-0.331286487735536	0.361178581664064	0.0270855294672923	0.0330498488601963	-0.0845217885524761	0.527927857264764	0.836834166188336	0.0792214271030076	1.19734013399678	0.892117870818816	1.1573732982229	1.0625354080616
DGRP_808	NA	0.215156565591315	0.185998062352999	0.348424295408184	-0.0363004166723787	1.09105328855673	9.71867665912227e-05	-0.117397480969064	0.644795723825022	0.102225282500658	0.0222365173713587	-0.275730278951695	0.528035335458653	2.96771996708888	0.255016643874596	1.7771367245622	1.77506161000163	2.01082768777404	2.02249104260142
DGRP_808	M	0.220039608199968	1.21885787041644	0.345736543024853	-0.592368500526727	1.13934949071961	0.00560523956001836	-0.996613859352294	0.0115296473971341	0.104079891195047	0.0296204412262308	-0.275730278951695	0.528035335458653	2.79143764615288	0.114222733250835	1.17099712611621	1.04335342694229	1.49436508345339	1.24401669579289
DGRP_808	F	0.210599059156571	-0.782308007706479	0.351496012417706	0.519767667181969	1.02645406494193	0.0116086477579308	0.787396266689945	0.0336472762308389	0.0946747741211413	0.0326452898852201	-0.275730278951695	0.528035335458653	3.33302285370141	0.802721836901658	1.17105986999037	1.17099712611621	1.27671970477818	1.2996509635499
DGRP_765	NA	0.294977855770034	-0.413492850306262	0.301963733600735	-0.562916253565658	0.0620079787491634	0.811081006953563	-0.0850319764361444	0.735994136437975	-0.0113113864383339	0.0221741531142213	-0.129124329145621	0.527841668172248	0.47028513164916	0.280493257944514	1.57545810507502	1.67593014807674	1.69443212772165	2.1143344726653
DGRP_765	M	0.298296878917022	-0.17439400642673	0.279752653129439	-0.41930882956673	-0.145429375798488	0.686407671209485	-0.11448008275821	0.749604153737321	-0.0162104949141154	0.0295873888692681	-0.129124329145621	0.527841668172248	0.733347214450252	0.188030231843884	1.19007630720819	1.21055784417747	1.16018624397852	1.48975031885059
DGRP_765	F	0.291184686459191	-0.652591694185795	0.324174814072031	-0.697548213564652	0.343217911947897	0.365418959282721	-0.0337572305307588	0.924573102928257	-0.0103030798714073	0.032561259621511	-0.129124329145621	0.527841668172248	0.656224842608802	0.106589533267698	1.09130300064685	0.853236150555778	1.46147212930402	1.4740568252732
DGRP_776	NA	0.288377111083447	0.633231083492786	0.316569152246981	0.00352453884598645	0.3675714596918	0.15994381777147	-0.249056332303957	0.325240250747903	0.0162467739348209	0.0222038128211724	0.21881688253023	0.528062727230478	0.169172460507794	0.726481512817233	1.37377408764466	1.43131050213501	2.0291338091975	1.68906519963249
DGRP_776	M	0.260869226938877	1.66309497725551	0.292870036101083	0.360955433655118	0.519369420475499	0.152522367448107	-0.482500746232498	0.18593246210417	0.00139324600279854	0.0291911338026222	0.21881688253023	0.528062727230478	0.0720608060047002	0.214115902458066	0.621086374555245	0.693147180559945	1.5437891850589	1.40139264660812
DGRP_776	F	0.319814692962956	-0.396632810269938	0.343653856413722	-0.377735082283753	0.284854483132641	0.457829717516133	0.00881464042751002	0.98094836580007	0.0391477291515585	0.0330855729661109	0.21881688253023	0.528062727230478	0.0449438015455575	2.03538454988863	0.89820533970415	0.876005765643174	1.39173976951833	0.72012488127181
DGRP_855	NA	0.205248542311885	0.76866595479149	0.293247198528182	-0.322453973762507	0.813283457498397	0.0032121009001429	-0.601808180398767	0.0235137366766833	0.05912110215608	0.0222493208352678	0.676537807312835	0.537429660023767	3.55227111921256	0.949930290220072	1.73928111451952	1.43876608555096	2.0889425675274	1.77947188767574
DGRP_855	M	0.228764963085083	0.57527814269886	0.253077437698612	-0.0366320348054816	0.216125989483711	0.578794456531195	-0.366595786244784	0.316812775444629	0.0173290654576602	0.0300774389215216	0.676537807312835	0.537429660023767	4.92543819347067	2.70721423441511	1.23965939205439	0.500402423538188	1.53672246943722	1.25115598336363
DGRP_855	F	0.183299882923566	0.949161246077945	0.333416959357752	-0.608275912719533	1.55103497856468	0.000223725713488232	-0.791414651713948	0.0405660119583873	0.0991136955921912	0.0321235410921636	0.676537807312835	0.537429660023767	2.70161609989362	0.0512433861577782	1.00961375817404	0.990835386443849	1.43682866896303	1.42444277850362
DGRP_382	NA	0.230284164225636	0.836197175158601	0.314048406187503	0.544377311745109	0.735413890195819	0.0098283495349298	-0.114448429612588	0.669063378703262	0.0478174682010706	0.022372873423945	0.037288319430851	0.561009839436641	2.14515930066214	1.62170332019683	1.7315431803247	1.59693419970254	1.96760652868186	1.85883197963812
DGRP_382	M	0.251683604750827	0.908731394119181	0.287069915513653	-1.00151334244647	0.391306898925397	0.316253953050779	-1.0413964006206	0.0157217346537662	0.0214705381370609	0.0301221056377827	0.037288319430851	0.561009839436641	1.23771963941309	0.212003698957959	0.992281974852574	0.661563238157982	1.43275705299709	1.51108617607361
DGRP_382	F	0.20531815027958	0.751573919704591	0.344880966957617	2.31110948796406	1.03934970971169	0.0160393910487957	0.577916666966256	0.149694757715816	0.0772275768457235	0.0325780317005696	0.037288319430851	0.561009839436641	3.36466862551142	0.352836436663471	1.09861228866811	1.06094424079075	1.2366848691405	1.57409733684897
DGRP_627	NA	0.248746358077886	0.155454313357547	0.285461036562846	-0.34013699186241	0.320108068744797	0.220741881942753	-0.223603347283721	0.379131127731985	0.0441285601031597	0.0222707933634743	0.180399039845088	0.528530896205646	1.37485825127537	0.318712495966407	1.8032329817357	1.59252974415371	1.74474560075219	1.79044099608694
DGRP_627	M	0.245057244860273	0.191920095861771	0.241677072158421	-0.362621218785293	-0.0334240972600211	0.928145141192981	-0.241187621979658	0.504281606437912	0.0212846660339955	0.030617994246825	0.180399039845088	0.528530896205646	0.365673808579205	0.421987012757958	1.04375703633141	0.796311640173813	1.50659508813164	1.24401669579289
DGRP_627	F	0.252435471295498	0.121267642259837	0.323772005416718	-0.317652764939526	0.581714686592058	0.126732507157101	-0.198761413154129	0.578934357618711	0.0577071399845719	0.0316972868175143	0.180399039845088	0.528530896205646	2.49444884571286	3.90621438069944	1.26541309651417	0.983273944246389	1.16269983349757	1.24501688925244
DGRP_440	NA	0.213536399884902	0.451222062225032	0.311542730299667	-0.348511263374287	0.778067107550731	0.00412641373285644	-0.384507548650023	0.132482457730633	0.0435007050681899	0.0222241093240147	0.347924937266498	0.527983402248527	2.38948004906686	1.08109134549673	1.85846201392466	1.62837975496258	2.10618377785189	1.81800028300398
DGRP_440	M	0.22773307436182	0.0899685101150599	0.297669256381798	-0.73188265826184	0.58107375133509	0.113014530337943	-0.474436012059514	0.189694947770924	0.0349432538317106	0.0296725115713026	0.347924937266498	0.527983402248527	0.400857428851779	0.188302358841058	1.25115598336363	1.08325501051851	1.4201164366885	1.5437891850589
DGRP_440	F	0.197311629054137	0.836559184475669	0.325416204217536	0.0348601315132663	0.953393594688155	0.0190447117225252	-0.33626177973537	0.358402701918598	0.0562349527098954	0.0325414342808347	0.347924937266498	0.527983402248527	0.638847735281848	1.91798066021881	1.19734013399678	1.0625354080616	1.58678470752805	1.16269983349757
DGRP_563	NA	0.183568362967505	0.0486477073358056	0.280425097077458	-0.0223486111365216	1.1279928356097	7.93013129395677e-05	-0.0443037778635578	0.865564651680269	0.0644116013952363	0.0222466125079687	-0.478171351461012	0.542003335855857	1.93273257980652	2.94390560704787	1.63334423991518	1.34987904475513	2.01376604651246	1.99316760775092
DGRP_563	M	0.192969548334355	-0.0316142763576917	0.259365419987738	0.162819715226698	0.738333441808747	0.0526312691848114	0.144109568542258	0.690536771488587	0.0482779676451458	0.0291911914591034	-0.478171351461012	0.542003335855857	0.517480603808622	0.0670230251372827	0.990835386443849	0.864740096527637	1.6094379124341	1.5437891850589
DGRP_563	F	0.173495664360165	0.134642689864553	0.304493299465709	-0.219861492590622	1.63065428197667	0.000339513301765708	-0.189172654285108	0.621205606411862	0.0746608068186127	0.0332019587686376	-0.478171351461012	0.542003335855857	4.3259525436817	1.33524526887212	1.00424247305408	0.693147180559945	1.43770144364294	1.30952583530407
DGRP_911	NA	0.260320232254967	0.523966110500071	0.264274461028192	-0.591459122295844	0.0293000886342145	0.910126988565145	-0.620156165503249	0.016224779469597	-0.0157446819617968	0.02221167638069	0.619140109929455	0.523995963955716	2.75344105399511	0.159259907925029	1.90563862718656	1.33749071212297	2.14456015335592	2.09187655953073
DGRP_911	M	0.229640858208955	0.149668303937136	0.25303171641791	-0.833776623963637	0.22962258406833	0.521596214687155	-0.572724642475259	0.117727619951309	0.0108018891169217	0.0291905519967113	0.619140109929455	0.523995963955716	0.592849995276838	0.265103474111249	1.18030455699462	0.735621939758795	1.51108617607361	1.2996509635499
DGRP_911	F	0.295382374021837	0.898263917063007	0.277123312011372	-0.34914162062805	-0.110613619983205	0.772675471301264	-0.664386740811562	0.0708727297643478	-0.0505402217680006	0.0330757730833715	0.619140109929455	0.523995963955716	1.70609880914257	0.16237542109625	1.49440321137961	0.991138896613094	1.39173976951833	1.4740568252732
DGRP_227	NA	0.197268220880144	1.56578714689323	0.321222012973425	-0.0468074025608307	0.961658815838375	0.000506708244069855	-0.603336744807432	0.0213429102717753	0.0770241167763168	0.0221958007020189	1.17895064674974	0.532053411723247	2.02563784643148	0.263697230319403	1.8090663250718	1.82588618664175	1.85381209850699	2.08338706127324
DGRP_227	M	0.189783427495292	1.62677636036303	0.326498744507219	-0.13000574573811	0.98455913295314	0.00934468546193925	-0.612105927923127	0.0960850025349907	0.105211171140763	0.0291278660236238	1.17895064674974	0.532053411723247	0.940728212156018	0.222628714912399	1.10343290963819	1.36868963762284	1.0337005498525	1.2130075659799
DGRP_227	F	0.206480274276885	1.50073198585878	0.31519146264909	0.0419374968282674	0.89897025667019	0.0325956602921148	-0.57351142607806	0.12882302688637	0.0428029910073583	0.033122292532668	1.17895064674974	0.532053411723247	2.20390511598926	0.0586767790172188	1.20479330969478	0.830471712436292	1.54728673334095	1.45948187386908
DGRP_319	NA	0.23771951936812	0.282410619845313	0.276590202503991	-0.468256334394073	0.374476321969875	0.152806502240181	-0.286016799022191	0.257734764322398	0.0106697729501026	0.0221829057043061	0.473679390926177	0.5238544815473	1.28178266866227	0.110506379829136	1.74575996624469	1.47424613064637	1.54582562124519	1.47819699580517
DGRP_319	M	0.277988719435342	-0.808078604503497	0.274270544492059	-0.528697565854568	-0.0375055604468787	0.91622415740178	0.182012986728613	0.610573659197519	-0.0256899913092169	0.0291393953742032	0.473679390926177	0.5238544815473	0.139915695879494	0.120026245726124	1.16269983349757	0.98689944883853	1.49417513828931	1.24934323106756
DGRP_319	F	0.191697576434153	1.37289984419412	0.279241240231913	-0.407815102933579	0.852320799201243	0.0349545655559809	-0.546751793071464	0.134801107817135	0.0470809228744774	0.0330886752019517	0.473679390926177	0.5238544815473	4.26925077594503	2.2121587208749	1.06094424079075	0.693147180559945	1.16018624397852	0.777462131910929
DGRP_822	NA	0.201729556340623	0.993391108393946	0.281667714225854	0.407207453543788	0.646231902824538	0.0168039573466948	-0.258279630801627	0.317364425867647	0.0481014501860174	0.0222473752902772	0.252236966185895	0.536241654222842	2.27924996187938	1.7043766893724	1.76365001844842	1.64919428637406	2.19191671956216	1.85532529534797
DGRP_822	M	0.244382987638802	0.551050559873097	0.242408188919817	0.043784314669918	-0.0145119939939395	0.968662546060598	-0.324123475135225	0.373507891190484	-0.00262370698560382	0.0306424382560252	0.252236966185895	0.536241654222842	0.0530287576456295	0.068683825288607	1.19445300632336	0.991138896613094	1.5808185358593	1.58678470752805
DGRP_822	F	0.156029451378289	1.49892316384634	0.316019798868636	0.74791664623804	1.61376856257271	0.000128360555234028	-0.266517609471189	0.472797801018965	0.0956279660780653	0.0315812608583914	0.252236966185895	0.536241654222842	4.45253839649247	1.5314891807502	0.89820533970415	0.974314752869349	1.5498260458782	1.25115598336363
DGRP_189	NA	0.239166562278174	0.162134919496796	0.294651133659025	-0.622226532609539	0.509918979789089	0.0540952581067933	-0.401044047509659	0.120677314171687	0.0345919939909703	0.0222017914957958	0.295962190215481	0.528068560760413	2.67855397060815	1.14281223887561	1.88395603764387	1.42229128198338	2.001680025002	1.91552021733515
DGRP_189	M	0.269405820702326	0.713507087248668	0.293005449079293	-0.849828168161876	0.208039101937424	0.57448611608167	-0.691591504079428	0.0621715269036853	0.0113130825729165	0.0296213206305363	0.295962190215481	0.528068560760413	2.32249490386877	0.182683139322367	1.19445300632336	0.661563238157982	1.28204624005285	1.10343290963819
DGRP_189	F	0.208927303854023	-0.425995392771869	0.296531916035862	-0.394624897057202	0.851189295584574	0.0288402707194042	0.0204369748464041	0.955615765191459	0.0532119267908636	0.0325862153312314	0.295962190215481	0.528068560760413	3.96001324378232	0.184243097280052	1.18222300164511	0.876005765643174	1.18222300164511	1.36868963762284
DGRP_801	NA	0.152162893229111	2.06833618928146	0.321988882025942	0.290272610612934	1.28213872991673	1.5137166863445e-05	-0.686663567035717	0.00941211085789322	0.0450179622325807	0.0223539857839281	0.944200778064622	0.540125143972484	7.62701922493784	0.478182144290072	1.54824539196308	1.52657094502283	2.19564883409628	2.02480746738238
DGRP_801	M	0.177896408717903	2.1227417742819	0.29810994441013	-1.10208272618861	0.87796248136586	0.0331622201798564	-1.50799113782756	0.00109815723474824	0.0455641277708422	0.0301801632351381	0.944200778064622	0.540125143972484	8.97320732903135	0.341208337324459	0.994353691762369	0.690923309313818	1.33373602720281	1.5808185358593
DGRP_801	F	0.128144945439572	2.01755764328105	0.345867819641754	1.68262794741447	1.70086296761684	0.000106924672178531	-0.125838403967074	0.726500501957857	0.0441973983008288	0.032356654036476	0.944200778064622	0.540125143972484	7.87619197120653	0.220765660305191	0.857174043642079	1.05492016798614	1.48975031885059	1.5437891850589
DGRP_805	NA	0.234884903980669	-0.61575638893452	0.307931663063292	-0.191460602816895	0.655548484741381	0.0142189814868869	0.201341670305298	0.423815869280667	0.0454412275332942	0.0222562710263211	-0.958753452727336	0.524143380662878	1.15758988633092	0.220289213789245	1.77649712003302	1.58357392300143	1.39033329664053	1.83501591387635
DGRP_805	M	0.296658400101742	-0.836313085947114	0.287263131120438	-0.477040211663723	-0.0863785120213687	0.809146737605214	0.224371948780994	0.530763764194404	-0.00669292319401392	0.0292284790042789	-0.958753452727336	0.524143380662878	1.06061966360933	0.0833861474988048	1.19007630720819	0.881532261188164	1.27671970477818	1.51541251788873
DGRP_805	F	0.164286622699442	-0.395199691921925	0.331552842426555	0.0941190060299336	1.81941868151035	5.98591953495648e-05	0.19229678250531	0.590694239484521	0.104266851786945	0.0331630468474494	-0.958753452727336	0.524143380662878	3.78044481066654	0.208953593671715	0.876005765643174	1.00424247305408	0.918045918065631	1.30509637194834
DGRP_892	NA	0.264124953880212	-0.324831286038083	0.31682039929488	-0.613079502554909	0.570423436625929	0.0315907517964376	-0.191294892067712	0.447116837723719	0.00606350532202921	0.0222249823297465	-0.224713516454977	0.523970598665956	1.0496938443795	2.24330009346636	1.65484057990636	1.42426022852653	1.99552084830906	1.86611528524574
DGRP_892	M	0.268691837822326	0.174668073543162	0.307688168736933	-0.204203516639814	0.505951868175515	0.168707949977416	-0.228556595221147	0.523206909803091	0.0111949797347464	0.0295956139210031	-0.224713516454977	0.523970598665956	0.611150756713089	0.435355171337833	0.803314976140876	0.693147180559945	1.35471041871793	1.46147212930402
DGRP_892	F	0.259558069938097	-0.824330645619328	0.327257234218248	-1.02195548847	0.622626850398703	0.10171479472992	-0.161355140244666	0.651442478868368	-0.00336072598601802	0.032665506219569	-0.224713516454977	0.523970598665956	1.89637513286302	1.51062301006458	1.32294951100453	0.830471712436292	1.50675983425849	1.04083983742324
DGRP_093	NA	0.250091052065226	-0.0711825157463577	0.341180365863753	-0.170361289005539	1.09409056729548	8.48390666636291e-05	-0.0525176084959309	0.834332130244697	0.0540449929689643	0.0222438457767554	-0.365167985772701	0.523770590867055	1.14558943357283	0.490943894428293	1.50705673994005	1.3082839973206	1.82711992827586	2.03884254709406
DGRP_093	M	0.235961944375466	-0.89576390234082	0.323185166790829	-0.0325504838076058	1.22630511088206	0.00185096302021208	0.524133137410914	0.150302945298024	0.0829591748035412	0.0296489304737655	-0.365167985772701	0.523770590867055	1.24954857204958	0.016757783910905	0.831402520495638	0.690923309313818	1.40139264660812	1.46147212930402
DGRP_093	F	0.266238603710667	0.753398870848104	0.359175564936678	-0.308172094203472	0.98830831196197	0.0136149153320111	-0.536681071208769	0.142036427793628	0.0228838050364891	0.0326984108820269	-0.365167985772701	0.523770590867055	0.976794477639843	0.382533849336445	0.876005765643174	0.729871209983116	1.32088834314932	1.51541251788873
DGRP_217	NA	0.115367805271651	1.46908040934983	0.247979184277261	-0.0284603054916587	1.20318928172506	0.000197665479023211	-0.698794761302068	0.0206727919072163	0.0565813441870301	0.0229733521584754	1.04290428767054	0.590858630678207	5.40263916136903	0.714004697979779	1.25362237689674	1.49687540670254	2.05435630437337	1.86932768552792
DGRP_217	M	0.106845077998924	2.04782581997923	0.214349112426036	0.137019235826416	1.11534125770709	0.0172194677403887	-0.869681030204626	0.0467972554565808	0.0372861609871687	0.031176504103738	1.04290428767054	0.590858630678207	0.936680230527385	0.843983352704577	0.600166073159646	0.860851390631232	1.44518587894808	1.21055784417747
DGRP_217	F	0.123890532544379	0.837721779572303	0.286783113336368	-0.219398237781745	1.34646993065155	0.00457734388056204	-0.508544975657777	0.231290523211238	0.0782715903811979	0.0332649571223754	1.04290428767054	0.590858630678207	1.38858674065299	1.3446964139337	0.759547391474863	1.15698764434527	1.3667110520552	1.03176711135054
DGRP_391	NA	0.258813669298151	0.991740327260149	0.306420597422712	-0.0701704140608128	0.505577943941684	0.062975781250318	-0.47542172519184	0.0719677833694724	0.0444249690849861	0.0227757194763701	0.827918999902607	0.536331067078754	1.09994762286643	0.324649481025965	1.65650673242444	1.39626660964132	1.95930402263984	2.1868938461645
DGRP_391	M	0.271744404976805	2.05145503418264	0.284969299352342	0.0125226659692623	0.14300588731382	0.714114091746662	-0.871287768328203	0.0323704194116764	0.00966211357983414	0.0311209225616648	0.827918999902607	0.536331067078754	0.665539896523269	0.3059051868225	1.09059947377948	0.729871209983116	1.17099712611621	1.5808185358593
DGRP_391	F	0.247607031709984	0.0644899587029688	0.329404131069536	-0.158376366092893	0.85527809377034	0.0282152577181559	-0.113754186968987	0.75131627819044	0.0764185298845142	0.0326414014662439	0.827918999902607	0.536331067078754	1.24788219706892	0.160207820015845	0.970115783986938	0.89820533970415	1.42444277850362	1.43221390436024
DGRP_738	NA	0.265242859586113	-0.867562228536952	0.313789122626988	-0.665144784664925	0.592118355260443	0.025557679226838	0.1217462887678	0.628180954946578	0.0210728669644827	0.0222178152682955	-0.514161188049342	0.523407131732357	1.01871652939886	2.00948787751305	1.61421614783519	1.27464262571977	2.21429251314161	1.78520470236867
DGRP_738	M	0.23959402257568	-0.663791049002483	0.314067042927997	-0.424447556405241	0.885976871342306	0.0204053580172619	0.142190197663229	0.690965586339118	0.0118170867657138	0.0297317216886135	-0.514161188049342	0.523407131732357	1.79236539496295	1.68623902770429	0.984086503082915	0.927617334327182	1.51541251788873	1.23424494557933
DGRP_738	F	0.294555816169464	-1.07133340807142	0.313511202325979	-0.90584201292461	0.24440352638817	0.522079366059688	0.0993729220856502	0.780692719201946	0.0311382827196201	0.0325017355544919	-0.514161188049342	0.523407131732357	0.647223384174135	1.30105052467632	0.89820533970415	0.636514168294813	1.40139264660812	1.04083983742324
DGRP_897	NA	0.219779555570906	0.924324539802417	0.324022225772052	-0.151249671347789	0.87680887720001	0.00170377196880752	-0.37904249721796	0.144811182463072	0.0323628298468409	0.0226000551481503	0.551101945256192	0.537077023684536	2.26607678943248	2.53803205228636	1.89379063492011	1.47098950214882	1.93235057007568	1.33979428028558
DGRP_897	M	0.244914652977756	1.44758621062125	0.321281010213025	-0.482839750256291	0.654471653112676	0.0872219211641524	-0.709509659590792	0.0621422115219716	0.01569473179908	0.030607386172816	0.551101945256192	0.537077023684536	5.16857033303706	1.5610641402123	1.30952583530407	0.682908104700472	1.40194545937873	0.729871209983116
DGRP_897	F	0.192849094063568	0.433766723409766	0.326580693627144	0.180340407560712	1.09314169077339	0.00748444039560365	-0.0852069226889163	0.815183225206519	0.0535737163574525	0.032680178893084	0.551101945256192	0.537077023684536	0.78450950132469	2.31751793490796	1.17099712611621	1.21055784417747	1.22810585146814	0.853236150555778
DGRP_031	NA	0.225348120764017	0.948509383796298	0.325906757034299	-0.506104515227947	0.950316730400173	0.000646185069222135	-0.582423542679671	0.0247809168633591	0.0571397619545648	0.0222457526119509	0.835404703140456	0.524417741921092	3.31761985604081	0.370603818024496	1.86404357975203	1.28135446357	1.81834712586035	2.09494610658633
DGRP_031	M	0.227769924975535	0.827680409621398	0.324511616106701	-0.611826735115463	0.870443770592948	0.0192225946339632	-0.552151964327359	0.109124581800503	0.0646293978912413	0.0284586665883928	0.835404703140456	0.524417741921092	4.56921759949468	0.348306694268216	1.2930224700644	0.649248354870898	0.867563228481461	1.33459295323724
DGRP_031	F	0.222181146025878	1.10386092202117	0.327731172093464	-0.38628599935543	1.0263061699884	0.0161233116103387	-0.60942715466353	0.128162431139089	0.0556105557361428	0.0343016848714904	0.835404703140456	0.524417741921092	2.99074622494252	0.133932565915195	1.05790542470367	0.898137003187868	1.33166431029301	1.43682866896303
DGRP_354	NA	0.27477853707922	0.32651857097737	0.311617312072893	0.0605995945223224	0.340354711736243	0.192707265612305	-0.115957495183892	0.647901785998831	0.0476980510093711	0.0222849129270878	-0.0298004571012675	0.533371853957903	0.134485653334666	0.231698477720027	1.67265596455077	1.76700919107457	2.10618377785189	2.10822806402338
DGRP_354	M	0.281716654011642	0.312324482554602	0.288397452121826	0.559178517234702	0.0667613900502807	0.867440409169186	0.109665017199243	0.777697390315796	0.0122048194903931	0.0314159533823062	-0.0298004571012675	0.533371853957903	0.0315839424019633	0.250158442496414	0.98689944883853	1.12692879480068	1.40753174071932	1.47350238508065
DGRP_354	F	0.266849260585024	0.341658931961655	0.327097218706938	-0.238547759105105	0.517459466236286	0.157023192465814	-0.245529085335836	0.499234530145438	0.0760589288414447	0.0313444228789733	-0.0298004571012675	0.533371853957903	0.131145772344759	0.2728058356975	1.19734013399678	1.22831035216088	1.33786067783643	1.49641593494014
DGRP_318	NA	0.254845416135739	0.524914022726218	0.300838626645078	-0.411787685916017	0.338897387806036	0.231255834483139	-0.350219479287062	0.212562961106985	0.0470977883235161	0.0221944417305078	0.807960155649586	0.555110976310862	3.74407723525111	0.488756914397624	1.7151961557868	1.49646215670082	1.61406220513894	2.11693870027966
DGRP_318	M	0.251307759372275	0.180769625968738	0.287006476522606	-0.749307668562501	0.302543830073176	0.402517255872582	-0.344824205325708	0.34178529519755	0.0338391444063535	0.0291788601286432	0.807960155649586	0.555110976310862	4.03369863448315	0.340503394453169	0.864740096527637	0.661563238157982	0.900256051268537	1.51541251788873
DGRP_318	F	0.26050566695728	1.0254876907371	0.316646798213618	-0.026050562891463	0.34883631785451	0.45039041264745	-0.390667763065303	0.389743815537177	0.0594070417959234	0.0330919969497548	0.807960155649586	0.555110976310862	3.93834430513966	0.282760339475722	1.27985422583367	0.955699891112534	1.2945451658449	1.59836862781974
DGRP_850	NA	0.297966002589483	-0.722372687564812	0.316877584262624	-0.475459734333543	0.226858814209903	0.383868823645069	0.123980261590637	0.621703977197945	0.0112199394706484	0.0222488059384552	-0.768613707252766	0.524367090243356	0.855520516957283	0.736799777487995	1.70529519083302	1.29695739486757	1.51117874772363	1.84487790564631
DGRP_850	M	0.314647287307355	-0.368423344538102	0.309672973311615	-0.76490084106636	-0.0541852725921027	0.883266888289969	-0.166609989315092	0.640991806580448	-0.0169104604653353	0.0296293491537816	-0.768613707252766	0.524367090243356	0.562914160482645	0.0570460185843482	1.18222300164511	0.881532261188164	1.0337005498525	1.04083983742324
DGRP_850	F	0.281284717871612	-1.07632203059152	0.325111425349491	-0.186018627600725	0.590890547726151	0.119901718403913	0.58563438386753	0.109890690704723	0.0393848275462252	0.032692494017066	-0.768613707252766	0.524367090243356	0.532709341237557	0.0808020258935159	0.882310924515076	0.651756561172653	1.36868963762284	1.50675983425849
DGRP_818	NA	0.280115913032605	0.637688882435222	0.362148305614605	0.93360092317448	0.552267053084067	0.058270174830266	0.134176489833181	0.624172341682321	0.0672467397849961	0.0222744279212799	-0.783538925366276	0.566783805136698	1.71982695069592	0.487631478676814	1.99408263649859	1.82916037016772	1.77070350762675	2.21268887552571
DGRP_818	M	0.357258972114543	0.18311785113885	0.359126339043808	1.04562660945163	0.0122321735647381	0.976682352713601	0.414008309024597	0.293789392062442	0.0307909565654251	0.0297460064281205	-0.783538925366276	0.566783805136698	0.870064326158999	0.321306436358402	1.50478828368119	1.30952583530407	1.16828245017656	1.51541251788873
DGRP_818	F	0.22077509835419	0.962382476218345	0.365170272185403	0.821575236897328	1.05869868273956	0.0107164914863778	-0.059936445183378	0.872686544048017	0.108490336176064	0.0326297357016899	-0.783538925366276	0.566783805136698	3.81335128775252	0.253101137879642	1.26585675187274	1.08518861296765	1.29636115979106	1.51108617607361
DGRP_853	NA	0.279689456548961	0.22646681757179	0.275452875866099	-0.326955586087556	-0.0354235381439876	0.891640010439821	-0.235452417949171	0.349970566220991	-0.00992153926424155	0.022199176988507	0.120593110520529	0.52393703873349	1.85421276008966	4.58435627618174	1.91272424488904	1.03613051470651	1.74047653070587	1.69856130479868
DGRP_853	M	0.261418419734535	0.220670781213476	0.265573086234243	-1.04770806554536	0.0393101350974187	0.911948545020422	-0.468255595233709	0.195778201135518	-0.00044452802454887	0.0296121708436452	0.120593110520529	0.52393703873349	2.18084893320058	4.06455614422459	1.12467028923762	0.500402423538188	1.19007630720819	0.864740096527637
DGRP_853	F	0.300570641479732	0.232262853930104	0.285332665497955	0.393796893370247	-0.112962812685056	0.772011622034842	0.086021080167189	0.809425646999544	-0.0202818172521764	0.0326605252347049	0.120593110520529	0.52393703873349	1.40497000495122	0.271395822095839	1.40032657623119	0.853236150555778	1.46147212930402	1.55958115625988
DGRP_913	NA	0.236883929326232	0.101025772893605	0.325031701749937	-0.141803560362163	0.820452058975701	0.00244480570706793	-0.119113904262128	0.64281430753107	0.0538999299672242	0.0222528293376731	-0.221911045374522	0.536577019306644	2.79364386109959	0.243529806156659	1.71983257781267	1.56863470126418	1.91138366381222	1.88482086376939
DGRP_913	M	0.28983007862034	-0.565577842209506	0.289436976921126	-0.398851576600193	-0.00362499267269399	0.992163097692273	0.0849194648468807	0.812631924285875	-0.00686803923838059	0.0296903746711442	-0.221911045374522	0.536577019306644	1.68604296745163	4.56710284512484	1.17105986999037	0.693147180559945	1.43682866896303	0.735621939758795
DGRP_913	F	0.183937780032125	0.767629387996716	0.365711387268577	0.132380990291735	2.10717138677582	6.48668593606172e-06	-0.309571811156487	0.403742457589451	0.117174206780178	0.0326536304703701	-0.221911045374522	0.536577019306644	4.9753879753484	0.341431890339244	0.990835386443849	1.03460123291018	1.136916591833	1.41536913507919
